period,symbol,direction,entry_time,entry_price,exit_time,exit_price,size_units,pnl,risk_dollars,exit_reason,r_multiple
train,GBP_USD,long,2020-08-26 07:45:00+00:00,1.3160569000000002,2020-08-26 12:30:00+00:00,1.3125924,7216,-24.99983200000147,24.99983200000147,stop_loss,-1.0
train,EUR_USD,short,2020-08-27 07:30:00+00:00,1.182186457142857,2020-08-27 13:00:00+00:00,1.1849441714285716,9042,-24.935252571430276,24.935252571430276,stop_loss,-1.0
train,GBP_USD,long,2020-08-28 07:15:00+00:00,1.327711942857143,2020-08-31 00:00:00+00:00,1.336761657142857,2748,24.868614857142667,24.868614857142667,take_profit,1.0
train,GBP_USD,short,2020-08-31 06:30:00+00:00,1.332364957142857,2020-08-31 14:30:00+00:00,1.3369301714285715,5462,-24.93520042857225,24.93520042857225,stop_loss,-1.0
train,EUR_USD,long,2020-08-28 07:15:00+00:00,1.1888218857142858,2020-09-01 01:45:00+00:00,1.1965713142857142,3209,24.86791628571358,24.86791628571358,take_profit,1.0
train,GBP_USD,long,2020-09-01 08:00:00+00:00,1.3435058714285715,2020-09-02 07:00:00+00:00,1.3356365142857145,3168,-24.93012342857088,24.93012342857088,stop_loss,-1.0
train,GBP_USD,short,2020-09-03 06:30:00+00:00,1.3288831714285714,2020-09-04 13:00:00+00:00,1.3219090285714286,3566,24.86979342857129,24.86979342857129,take_profit,1.0
train,EUR_USD,short,2020-09-07 06:30:00+00:00,1.1824523,2020-09-07 07:30:00+00:00,1.1843108000000002,13415,-24.93177750000278,24.93177750000278,stop_loss,-1.0
train,GBP_USD,short,2020-09-07 06:30:00+00:00,1.3201055,2020-09-07 13:15:00+00:00,1.314413,4380,24.933149999999465,24.933149999999465,take_profit,1.0
train,GBP_USD,short,2020-09-08 08:30:00+00:00,1.3122640714285714,2020-09-08 09:30:00+00:00,1.3076944285714285,5456,24.931971428571646,24.931971428571646,take_profit,1.0
train,GBP_USD,short,2020-09-09 06:30:00+00:00,1.2941451428571429,2020-09-09 11:30:00+00:00,1.2909508571428572,7825,24.995285714285643,24.995285714285643,take_profit,1.0
train,EUR_USD,long,2020-09-10 06:15:00+00:00,1.1831972714285715,2020-09-10 12:30:00+00:00,1.1862736285714286,8145,25.05692892857144,25.05692892857144,take_profit,1.0
train,GBP_USD,long,2020-09-11 07:15:00+00:00,1.283849357142857,2020-09-11 08:30:00+00:00,1.2794425714285715,5700,-25.1186785714276,25.1186785714276,stop_loss,-1.0
train,EUR_USD,long,2020-09-14 07:30:00+00:00,1.1857501285714287,2020-09-14 12:45:00+00:00,1.1883007714285716,9824,25.05751542857189,25.05751542857189,take_profit,1.0
train,GBP_USD,long,2020-09-14 07:30:00+00:00,1.2838870571428571,2020-09-14 13:00:00+00:00,1.2886623428571427,5247,25.055924142856217,25.055924142856217,take_profit,1.0
train,GBP_USD,long,2020-09-15 06:30:00+00:00,1.2880864,2020-09-16 09:45:00+00:00,1.2946484,3837,25.178393999999834,25.178393999999834,take_profit,1.0
train,EUR_USD,long,2020-09-18 07:00:00+00:00,1.1866406571428572,2020-09-18 08:00:00+00:00,1.1843573714285716,11056,-25.24400685714158,25.24400685714158,stop_loss,-1.0
train,GBP_USD,short,2020-09-21 07:45:00+00:00,1.2914885285714286,2020-09-21 08:00:00+00:00,1.2867611714285714,5326,25.17790414285752,25.17790414285752,take_profit,1.0
train,EUR_USD,short,2020-09-21 07:45:00+00:00,1.1835256428571428,2020-09-21 08:30:00+00:00,1.179883857142857,6914,25.179306428572445,25.179306428572445,take_profit,1.0
train,GBP_USD,short,2020-09-22 06:30:00+00:00,1.2783554857142858,2020-09-22 07:30:00+00:00,1.2743029142857143,6245,25.30830857142912,25.30830857142912,take_profit,1.0
train,EUR_USD,short,2020-09-22 06:30:00+00:00,1.1742394571428572,2020-09-22 14:30:00+00:00,1.1713167428571427,8659,25.30778300000138,25.30778300000138,take_profit,1.0
train,GBP_USD,short,2020-09-23 06:15:00+00:00,1.2686339142857144,2020-09-23 12:45:00+00:00,1.274724342857143,4176,-25.43362971428633,25.43362971428633,stop_loss,-1.0
train,GBP_USD,long,2020-09-25 06:30:00+00:00,1.2765141142857142,2020-09-25 07:00:00+00:00,1.2785846857142855,12253,25.370711714284948,25.370711714284948,take_profit,1.0
train,EUR_USD,long,2020-09-25 07:30:00+00:00,1.1684917285714285,2020-09-25 08:15:00+00:00,1.1662030857142853,11113,-25.43368807143173,25.43368807143173,stop_loss,-1.0
train,GBP_USD,long,2020-09-28 06:30:00+00:00,1.2781911142857143,2020-09-28 08:30:00+00:00,1.2811866857142857,8469,25.369494428571446,25.369494428571446,take_profit,1.0
train,EUR_USD,short,2020-09-30 06:15:00+00:00,1.1725974,2020-09-30 09:15:00+00:00,1.1697144000000002,8822,25.433825999997765,25.433825999997765,take_profit,1.0
train,GBP_USD,short,2020-09-30 06:15:00+00:00,1.2825239714285714,2020-09-30 14:00:00+00:00,1.2872441142857143,5388,-25.43212971428562,25.43212971428562,stop_loss,-1.0
train,GBP_USD,long,2020-10-01 06:30:00+00:00,1.2948892571428572,2020-10-01 07:30:00+00:00,1.2914029714285715,7295,-25.43245428571392,25.43245428571392,stop_loss,-1.0
train,GBP_USD,long,2020-10-02 07:30:00+00:00,1.2921381714285713,2020-10-06 07:00:00+00:00,1.3005590285714284,3012,25.36362171428531,25.36362171428531,take_profit,1.0
train,GBP_USD,short,2020-10-06 08:00:00+00:00,1.2978519714285714,2020-10-06 10:45:00+00:00,1.2956018285714284,11303,25.433364714288338,25.433364714288338,take_profit,1.0
train,EUR_USD,long,2020-10-07 06:45:00+00:00,1.1752505285714285,2020-10-07 12:45:00+00:00,1.1779631714285712,9399,25.496130214284026,25.496130214284026,take_profit,1.0
train,EUR_USD,long,2020-10-08 06:45:00+00:00,1.1779269,2020-10-08 08:00:00+00:00,1.1760124,13351,-25.56048950000055,25.56048950000055,stop_loss,-1.0
train,GBP_USD,long,2020-10-08 06:30:00+00:00,1.2942025714285714,2020-10-08 10:15:00+00:00,1.2913297142857143,8897,-25.55980999999981,25.55980999999981,stop_loss,-1.0
train,GBP_USD,long,2020-10-09 07:30:00+00:00,1.2966135714285714,2020-10-09 08:15:00+00:00,1.2933057142857143,7688,-25.430805714285267,25.430805714285267,stop_loss,-1.0
train,GBP_USD,long,2020-10-12 06:15:00+00:00,1.3055591857142856,2020-10-12 08:30:00+00:00,1.3020932571428572,7319,-25.36713121428495,25.36713121428495,stop_loss,-1.0
train,EUR_USD,short,2020-10-13 07:00:00+00:00,1.1786311142857142,2020-10-13 13:30:00+00:00,1.1757966857142856,8928,25.305778285714283,25.305778285714283,take_profit,1.0
train,GBP_USD,short,2020-10-14 06:15:00+00:00,1.2906167285714285,2020-10-14 07:15:00+00:00,1.2868403714285712,6717,25.365790928572412,25.365790928572412,take_profit,1.0
train,GBP_USD,short,2020-10-15 06:15:00+00:00,1.3005395714285715,2020-10-15 08:15:00+00:00,1.2980974285714284,10414,25.43247571428782,25.43247571428782,take_profit,1.0
train,GBP_USD,short,2020-10-16 06:30:00+00:00,1.2885209142857141,2020-10-16 06:45:00+00:00,1.2908063428571426,11155,-25.49395571428423,25.49395571428423,stop_loss,-1.0
train,EUR_USD,short,2020-10-16 06:30:00+00:00,1.1697929142857142,2020-10-16 07:30:00+00:00,1.1715383428571429,14607,-25.495475142858663,25.495475142858663,stop_loss,-1.0
train,GBP_USD,long,2020-10-19 07:00:00+00:00,1.2948912857142858,2020-10-19 08:00:00+00:00,1.2979477142857145,8300,25.36835714285852,25.36835714285852,take_profit,1.0
train,EUR_USD,short,2020-10-20 07:15:00+00:00,1.1762703285714287,2020-10-20 08:00:00+00:00,1.178038685714286,14381,-25.43074407143054,25.43074407143054,stop_loss,-1.0
train,GBP_USD,short,2020-10-20 07:15:00+00:00,1.292444,2020-10-20 08:30:00+00:00,1.2957940000000001,7591,-25.429850000001412,25.429850000001412,stop_loss,-1.0
train,GBP_USD,long,2020-10-21 06:15:00+00:00,1.2988014285714284,2020-10-21 07:45:00+00:00,1.3027785714285713,6362,25.302582857143136,25.302582857143136,take_profit,1.0
train,GBP_USD,long,2020-10-22 06:15:00+00:00,1.3146396857142857,2020-10-22 07:00:00+00:00,1.312451257142857,11587,-25.357321857143727,25.357321857143727,stop_loss,-1.0
train,EUR_USD,long,2020-10-21 06:15:00+00:00,1.1853388571428571,2020-10-22 10:00:00+00:00,1.1826245714285715,9322,-25.302571428571007,25.302571428571007,stop_loss,-1.0
train,GBP_USD,short,2020-10-23 06:15:00+00:00,1.3054598142857141,2020-10-23 07:15:00+00:00,1.3081207428571426,9482,-25.23092471428525,25.23092471428525,stop_loss,-1.0
train,GBP_USD,short,2020-10-26 07:15:00+00:00,1.3001781428571428,2020-10-26 09:45:00+00:00,1.3055174285714286,4714,-25.169392857143112,25.169392857143112,stop_loss,-1.0
train,GBP_USD,short,2020-10-27 07:45:00+00:00,1.3011682285714286,2020-10-27 11:45:00+00:00,1.304467085714286,7610,-25.10430285714467,25.10430285714467,stop_loss,-1.0
train,GBP_USD,short,2020-10-28 08:15:00+00:00,1.3013315857142858,2020-10-28 11:30:00+00:00,1.2962395142857142,4918,25.04280728571512,25.04280728571512,take_profit,1.0
train,EUR_USD,short,2020-10-28 08:15:00+00:00,1.1758565857142858,2020-10-28 12:00:00+00:00,1.1729495142857143,8614,25.041513285714856,25.041513285714856,take_profit,1.0
train,EUR_USD,short,2020-10-29 08:00:00+00:00,1.173557757142857,2020-10-29 11:15:00+00:00,1.1712365428571425,10843,25.168926500002577,25.168926500002577,take_profit,1.0
train,GBP_USD,long,2020-10-30 09:30:00+00:00,1.294625557142857,2020-11-02 04:30:00+00:00,1.2901877714285714,5685,-25.228811785713965,25.228811785713965,stop_loss,-1.0
train,GBP_USD,short,2020-11-02 08:15:00+00:00,1.2882099571428571,2020-11-02 13:00:00+00:00,1.2939901714285713,4354,-25.16705299999954,25.16705299999954,stop_loss,-1.0
train,GBP_USD,long,2020-11-03 07:45:00+00:00,1.2939004285714286,2020-11-03 08:15:00+00:00,1.2962625714285716,10628,25.104854285715582,25.104854285715582,take_profit,1.0
train,EUR_USD,long,2020-11-03 08:00:00+00:00,1.1672396428571428,2020-11-03 11:30:00+00:00,1.170737857142857,7176,25.103185714285708,25.103185714285708,take_profit,1.0
train,GBP_USD,short,2020-11-04 08:15:00+00:00,1.2917646428571428,2020-11-05 19:30:00+00:00,1.3140714285714283,1131,-25.22897464285698,25.22897464285698,stop_loss,-1.0
train,EUR_USD,long,2020-11-06 07:30:00+00:00,1.1835432857142856,2020-11-06 11:15:00+00:00,1.187549714285714,6281,25.164377857142547,25.164377857142547,take_profit,1.0
train,EUR_USD,long,2020-11-09 07:15:00+00:00,1.1898030142857141,2020-11-09 08:30:00+00:00,1.1879379428571426,13528,-25.230686285715354,25.230686285715354,stop_loss,-1.0
train,EUR_USD,long,2020-11-10 08:45:00+00:00,1.1840800857142857,2020-11-10 09:45:00+00:00,1.1806896571428571,7423,-25.16715128571429,25.16715128571429,stop_loss,-1.0
train,GBP_USD,long,2020-11-10 08:30:00+00:00,1.321605557142857,2020-11-10 15:00:00+00:00,1.3274633428571427,4296,25.165047428571086,25.165047428571086,take_profit,1.0
train,GBP_USD,long,2020-11-11 07:15:00+00:00,1.3285442285714286,2020-11-11 09:30:00+00:00,1.3252930857142857,7741,-25.167096857143164,25.167096857143164,stop_loss,-1.0
train,GBP_USD,short,2020-11-12 08:00:00+00:00,1.3170432428571428,2020-11-12 18:00:00+00:00,1.3112394571428572,4325,25.101373214285378,25.101373214285378,take_profit,1.0
train,EUR_USD,long,2020-11-13 08:00:00+00:00,1.1816290857142857,2020-11-13 10:15:00+00:00,1.1833345142857143,14757,25.167009428572374,25.167009428572374,take_profit,1.0
train,GBP_USD,long,2020-11-13 08:00:00+00:00,1.3164277857142859,2020-11-15 23:45:00+00:00,1.3219167142857142,4585,25.166737499998998,25.166737499998998,take_profit,1.0
train,EUR_USD,long,2020-11-16 08:00:00+00:00,1.185667257142857,2020-11-16 10:00:00+00:00,1.1837609714285713,13268,-25.29259885714332,25.29259885714332,stop_loss,-1.0
train,EUR_USD,short,2020-11-17 07:45:00+00:00,1.1847822000000001,2020-11-17 08:30:00+00:00,1.1866612,13427,-25.229332999999517,25.229332999999517,stop_loss,-1.0
train,GBP_USD,short,2020-11-17 07:45:00+00:00,1.3202373285714284,2020-11-17 08:45:00+00:00,1.3227706857142858,9958,-25.227170428574052,25.227170428574052,stop_loss,-1.0
train,EUR_USD,long,2020-11-18 07:30:00+00:00,1.1882387428571428,2020-11-18 21:00:00+00:00,1.1850550285714285,7884,-25.10040342857146,25.10040342857146,stop_loss,-1.0
train,GBP_USD,long,2020-11-18 07:30:00+00:00,1.3278729,2020-11-19 00:00:00+00:00,1.3244284,7287,-25.100071500000528,25.100071500000528,stop_loss,-1.0
train,GBP_USD,short,2020-11-19 08:15:00+00:00,1.3216110714285716,2020-11-19 10:45:00+00:00,1.3250857142857146,7186,-24.968783571429963,24.968783571429963,stop_loss,-1.0
train,EUR_USD,short,2020-11-20 09:15:00+00:00,1.1860367714285716,2020-11-23 10:45:00+00:00,1.1890629142857143,8231,-24.90818185714202,24.90818185714202,stop_loss,-1.0
train,GBP_USD,long,2020-11-24 08:15:00+00:00,1.3368862285714285,2020-11-24 12:30:00+00:00,1.3319250857142857,5008,-24.845403428571018,24.845403428571018,stop_loss,-1.0
train,EUR_USD,long,2020-11-24 08:15:00+00:00,1.1871232714285715,2020-11-25 01:15:00+00:00,1.1904196285714288,7537,24.84464378571512,24.84464378571512,take_profit,1.0
train,GBP_USD,long,2020-11-25 07:45:00+00:00,1.3371034,2020-11-25 08:45:00+00:00,1.3337763999999999,7467,-24.842709000000596,24.842709000000596,stop_loss,-1.0
train,GBP_USD,short,2020-11-26 07:15:00+00:00,1.3381912142857144,2020-11-26 07:45:00+00:00,1.3366672857142856,16262,24.78212642857516,24.78212642857516,take_profit,1.0
train,EUR_USD,short,2020-11-26 09:00:00+00:00,1.1914667857142858,2020-11-26 12:15:00+00:00,1.1890807142857143,10412,24.843775714286473,24.843775714286473,take_profit,1.0
train,GBP_USD,long,2020-11-27 08:15:00+00:00,1.3380711857142857,2020-11-27 10:15:00+00:00,1.3348352571428572,7697,-24.906942214285277,24.906942214285277,stop_loss,-1.0
train,EUR_USD,long,2020-11-27 08:15:00+00:00,1.1930984142857142,2020-11-27 16:00:00+00:00,1.1952404857142855,11627,24.9058644999993,24.9058644999993,take_profit,1.0
train,GBP_USD,long,2020-11-30 07:15:00+00:00,1.3356105428571428,2020-11-30 09:00:00+00:00,1.3323978285714284,7752,-24.904961142857616,24.904961142857616,stop_loss,-1.0
train,GBP_USD,long,2020-12-01 07:15:00+00:00,1.3384620142857142,2020-12-01 11:30:00+00:00,1.3335219428571428,5029,-24.843619214285805,24.843619214285805,stop_loss,-1.0
train,EUR_USD,long,2020-12-01 07:15:00+00:00,1.196286,2020-12-01 13:45:00+00:00,1.1989759999999998,9236,24.844839999998698,24.844839999998698,take_profit,1.0
train,GBP_USD,long,2020-12-02 07:45:00+00:00,1.3436551714285714,2020-12-02 07:45:00+00:00,1.3405393142857143,7973,-24.842728999999775,24.842728999999775,stop_loss,-1.0
train,EUR_USD,long,2020-12-02 07:45:00+00:00,1.2087624,2020-12-02 08:00:00+00:00,1.2060703999999998,9229,-24.84446800000128,24.84446800000128,stop_loss,-1.0
train,GBP_USD,long,2020-12-03 07:15:00+00:00,1.3402798285714286,2020-12-03 11:45:00+00:00,1.3450989714285713,5129,24.71738371428485,24.71738371428485,take_profit,1.0
train,GBP_USD,short,2020-12-04 08:00:00+00:00,1.3440839142857144,2020-12-04 09:30:00+00:00,1.347084342857143,8259,-24.780539571429482,24.780539571429482,stop_loss,-1.0
train,EUR_USD,long,2020-12-04 08:15:00+00:00,1.216302885714286,2020-12-04 13:45:00+00:00,1.2138984571428573,10307,-24.782445285715,24.782445285715,stop_loss,-1.0
train,GBP_USD,short,2020-12-07 07:15:00+00:00,1.3389169428571428,2020-12-07 08:00:00+00:00,1.334091657142857,5110,24.65721000000077,24.65721000000077,take_profit,1.0
train,EUR_USD,short,2020-12-07 07:15:00+00:00,1.2117837714285713,2020-12-07 08:30:00+00:00,1.2095726285714283,11151,24.656454000001226,24.656454000001226,take_profit,1.0
train,EUR_USD,short,2020-12-08 08:15:00+00:00,1.2097303857142858,2020-12-08 08:30:00+00:00,1.2122884571428572,9687,-24.78003792857057,24.78003792857057,stop_loss,-1.0
train,GBP_USD,short,2020-12-08 08:15:00+00:00,1.3323940142857142,2020-12-08 08:45:00+00:00,1.3367239428571427,5723,-24.78018121428498,24.78018121428498,stop_loss,-1.0
train,GBP_USD,long,2020-12-09 08:15:00+00:00,1.3402507571428572,2020-12-09 09:30:00+00:00,1.344254542857143,6158,24.65531242857217,24.65531242857217,take_profit,1.0
train,GBP_USD,short,2020-12-10 07:30:00+00:00,1.3325438285714286,2020-12-10 11:45:00+00:00,1.3261029714285713,3837,24.713568857143688,24.713568857143688,take_profit,1.0
train,EUR_USD,short,2020-12-11 07:45:00+00:00,1.213400442857143,2020-12-14 12:30:00+00:00,1.2162382285714286,8732,-24.779544857141964,24.779544857141964,stop_loss,-1.0
train,EUR_USD,short,2020-12-15 07:30:00+00:00,1.2142112,2020-12-15 11:00:00+00:00,1.2162952,11861,-24.7183239999997,24.7183239999997,stop_loss,-1.0
train,EUR_USD,long,2020-12-16 07:15:00+00:00,1.2170972142857144,2020-12-16 08:30:00+00:00,1.2196532857142857,9646,24.65586499999859,24.65586499999859,take_profit,1.0
train,GBP_USD,long,2020-12-17 07:15:00+00:00,1.356957042857143,2020-12-18 09:30:00+00:00,1.3495718285714287,3347,-24.718312214285625,24.718312214285625,stop_loss,-1.0
train,EUR_USD,short,2020-12-21 07:45:00+00:00,1.2168555428571428,2020-12-21 08:45:00+00:00,1.2225478285714284,4331,-24.653289428570908,24.653289428570908,stop_loss,-1.0
train,GBP_USD,short,2020-12-21 07:30:00+00:00,1.3312120857142857,2020-12-21 10:00:00+00:00,1.3210825142857143,2434,24.655376857142798,24.655376857142798,take_profit,1.0
train,EUR_USD,short,2020-12-22 08:15:00+00:00,1.2213481,2020-12-22 11:45:00+00:00,1.2243476,8220,-24.655890000000362,24.655890000000362,stop_loss,-1.0
train,GBP_USD,long,2020-12-23 07:15:00+00:00,1.3435872,2020-12-23 14:15:00+00:00,1.3499932000000001,3839,24.592634000000515,24.592634000000515,take_profit,1.0
train,GBP_USD,long,2020-12-24 07:30:00+00:00,1.3567263571428572,2020-12-28 10:15:00+00:00,1.3503245714285714,3851,-24.653276785714365,24.653276785714365,stop_loss,-1.0
train,EUR_USD,long,2020-12-29 07:15:00+00:00,1.2246371571428571,2020-12-29 14:45:00+00:00,1.2272829428571428,9295,24.592578214285044,24.592578214285044,take_profit,1.0
train,GBP_USD,long,2020-12-30 09:15:00+00:00,1.3568417857142856,2020-12-31 00:30:00+00:00,1.3643007142857144,3305,24.651758928572264,24.651758928572264,take_profit,1.0
train,GBP_USD,long,2020-12-31 08:00:00+00:00,1.3655758571428573,2021-01-04 14:30:00+00:00,1.3605165714285716,4885,-24.714610714285698,24.714610714285698,stop_loss,-1.0
train,GBP_USD,short,2021-01-05 09:00:00+00:00,1.3558778714285713,2021-01-05 16:15:00+00:00,1.361338514285714,4514,-24.649341857141923,24.649341857141923,stop_loss,-1.0
train,GBP_USD,long,2021-01-06 07:15:00+00:00,1.3652601285714285,2021-01-06 13:45:00+00:00,1.3592294857142857,4077,-24.586930928571324,24.586930928571324,stop_loss,-1.0
train,EUR_USD,long,2021-01-06 07:15:00+00:00,1.2331775,2021-01-06 15:45:00+00:00,1.22756,4377,-24.58779750000023,24.58779750000023,stop_loss,-1.0
train,GBP_USD,short,2021-01-07 07:45:00+00:00,1.3565323142857142,2021-01-08 14:15:00+00:00,1.3632807428571427,3625,-24.46305357142847,24.46305357142847,stop_loss,-1.0
train,GBP_USD,short,2021-01-11 08:00:00+00:00,1.3482019571428572,2021-01-11 17:00:00+00:00,1.3528921714285713,5203,-24.403184928570695,24.403184928570695,stop_loss,-1.0
train,EUR_USD,long,2021-01-12 07:30:00+00:00,1.2169302,2021-01-12 14:00:00+00:00,1.2139192,8085,-24.34393499999899,24.34393499999899,stop_loss,-1.0
train,GBP_USD,long,2021-01-12 07:30:00+00:00,1.3562547142857142,2021-01-12 15:15:00+00:00,1.3620382857142854,4209,24.343052142856273,24.343052142856273,take_profit,1.0
train,EUR_USD,short,2021-01-13 08:00:00+00:00,1.2202488285714286,2021-01-13 09:00:00+00:00,1.2184629714285715,13632,24.34480457142746,24.34480457142746,take_profit,1.0
train,GBP_USD,long,2021-01-13 09:30:00+00:00,1.3698621285714285,2021-01-13 10:30:00+00:00,1.3666814857142857,7673,-24.4050726428568,24.4050726428568,stop_loss,-1.0
train,GBP_USD,long,2021-01-14 08:00:00+00:00,1.3657278285714285,2021-01-14 17:45:00+00:00,1.3698069714285712,5968,24.344324571427787,24.344324571427787,take_profit,1.0
train,EUR_USD,short,2021-01-15 08:15:00+00:00,1.2124469285714288,2021-01-15 15:00:00+00:00,1.2086615714285718,6447,24.404197499999036,24.404197499999036,take_profit,1.0
train,GBP_USD,short,2021-01-18 07:45:00+00:00,1.3552171285714285,2021-01-18 22:45:00+00:00,1.3589614857142855,6534,-24.46562957142787,24.46562957142787,stop_loss,-1.0
train,EUR_USD,long,2021-01-19 07:45:00+00:00,1.2100091142857143,2021-01-19 10:00:00+00:00,1.2122446857142857,10917,24.405733285713286,24.405733285713286,take_profit,1.0
train,GBP_USD,long,2021-01-20 08:00:00+00:00,1.3670737285714285,2021-01-20 10:45:00+00:00,1.3706023714285713,6933,24.46408092857122,24.46408092857122,take_profit,1.0
train,GBP_USD,long,2021-01-21 08:45:00+00:00,1.3722307714285713,2021-01-22 08:15:00+00:00,1.365866914285714,3854,-24.52630542857186,24.52630542857186,stop_loss,-1.0
train,EUR_USD,short,2021-01-25 09:30:00+00:00,1.2155255142857144,2021-01-25 14:45:00+00:00,1.2127130857142858,8699,24.465316142857432,24.465316142857432,take_profit,1.0
train,GBP_USD,short,2021-01-26 07:45:00+00:00,1.361432442857143,2021-01-26 11:45:00+00:00,1.3677002285714288,3913,-24.525845500000642,24.525845500000642,stop_loss,-1.0
train,EUR_USD,short,2021-01-26 07:45:00+00:00,1.2110995285714286,2021-01-26 12:00:00+00:00,1.214601885714286,7003,-24.5270070714304,24.5270070714304,stop_loss,-1.0
train,GBP_USD,long,2021-01-27 07:45:00+00:00,1.3758051,2021-01-27 09:00:00+00:00,1.3723696,7103,-24.402356499999467,24.402356499999467,stop_loss,-1.0
train,GBP_USD,short,2021-01-28 07:30:00+00:00,1.3646646857142857,2021-01-28 13:45:00+00:00,1.3682812571428569,6731,-24.343142285712688,24.343142285712688,stop_loss,-1.0
train,GBP_USD,short,2021-01-29 08:15:00+00:00,1.3680622,2021-01-29 12:00:00+00:00,1.3727112000000001,5223,-24.281727000000654,24.281727000000654,stop_loss,-1.0
train,EUR_USD,short,2021-02-01 08:30:00+00:00,1.2112485714285715,2021-02-01 09:00:00+00:00,1.2088414285714288,10062,24.22067142856892,24.22067142856892,take_profit,1.0
train,GBP_USD,long,2021-02-01 08:15:00+00:00,1.3755290285714286,2021-02-01 13:15:00+00:00,1.3694438857142857,3980,-24.218868571428743,24.218868571428743,stop_loss,-1.0
train,GBP_USD,long,2021-02-02 09:00:00+00:00,1.370350142857143,2021-02-02 11:30:00+00:00,1.3664694285714287,6241,-24.219537857142555,24.219537857142555,stop_loss,-1.0
train,EUR_USD,short,2021-02-03 07:30:00+00:00,1.2033522,2021-02-03 09:00:00+00:00,1.2017032000000003,14652,24.161147999996917,24.161147999996917,take_profit,1.0
train,GBP_USD,short,2021-02-03 10:00:00+00:00,1.3637076857142858,2021-02-04 07:15:00+00:00,1.3590361142857146,5185,24.222097857141772,24.222097857141772,take_profit,1.0
train,EUR_USD,long,2021-02-05 08:15:00+00:00,1.1982791285714285,2021-02-05 13:45:00+00:00,1.2013047714285714,8025,24.280783928571832,24.280783928571832,take_profit,1.0
train,GBP_USD,long,2021-02-05 08:15:00+00:00,1.3698815142857141,2021-02-05 15:00:00+00:00,1.3731590857142855,7408,24.28024914285637,24.28024914285637,take_profit,1.0
train,GBP_USD,short,2021-02-08 08:30:00+00:00,1.3712960142857142,2021-02-08 11:45:00+00:00,1.3684860857142858,8684,24.401419714284895,24.401419714284895,take_profit,1.0
train,EUR_USD,long,2021-02-09 08:45:00+00:00,1.2086930571428571,2021-02-10 02:30:00+00:00,1.212448342857143,6514,24.46193114285875,24.46193114285875,take_profit,1.0
train,EUR_USD,long,2021-02-10 07:45:00+00:00,1.2131764,2021-02-12 08:15:00+00:00,1.2109244,10889,-24.522028000001555,24.522028000001555,stop_loss,-1.0
train,GBP_USD,short,2021-02-12 09:00:00+00:00,1.3777446285714288,2021-02-12 14:30:00+00:00,1.3813814857142859,6721,-24.443316857142626,24.443316857142626,stop_loss,-1.0
train,GBP_USD,long,2021-02-15 08:00:00+00:00,1.390401,2021-02-16 01:45:00+00:00,1.394226,6375,24.384374999999793,24.384374999999793,take_profit,1.0
train,EUR_USD,long,2021-02-15 08:15:00+00:00,1.2144985714285714,2021-02-16 13:30:00+00:00,1.2117157142857142,8762,-24.38339428571477,24.38339428571477,stop_loss,-1.0
train,GBP_USD,short,2021-02-16 08:00:00+00:00,1.3910053571428571,2021-02-17 00:45:00+00:00,1.3868921428571428,5942,24.440719285714472,24.440719285714472,take_profit,1.0
train,EUR_USD,short,2021-02-17 07:15:00+00:00,1.2078722857142858,2021-02-17 11:45:00+00:00,1.2059437142857143,12673,24.44078571428664,24.44078571428664,take_profit,1.0
train,GBP_USD,short,2021-02-18 07:15:00+00:00,1.3840782142857144,2021-02-18 08:00:00+00:00,1.3877471428571428,6678,-24.50110499999899,24.50110499999899,stop_loss,-1.0
train,EUR_USD,long,2021-02-18 08:30:00+00:00,1.2056311285714285,2021-02-18 12:45:00+00:00,1.2076867714285713,11890,24.441593571427532,24.441593571427532,take_profit,1.0
train,EUR_USD,long,2021-02-19 07:30:00+00:00,1.2102879285714285,2021-02-19 08:30:00+00:00,1.2122875714285712,12253,24.50162392856967,24.50162392856967,take_profit,1.0
train,GBP_USD,long,2021-02-19 09:00:00+00:00,1.3999191857142856,2021-02-22 01:15:00+00:00,1.4047151142857142,5121,24.559950214285454,24.559950214285454,take_profit,1.0
train,EUR_USD,short,2021-02-22 07:30:00+00:00,1.2107432,2021-02-22 10:30:00+00:00,1.2135072,8909,-24.6244759999999,24.6244759999999,stop_loss,-1.0
train,GBP_USD,short,2021-02-22 07:15:00+00:00,1.3989178285714285,2021-02-22 15:00:00+00:00,1.4051686857142855,3939,-24.622126285713733,24.622126285713733,stop_loss,-1.0
train,GBP_USD,long,2021-02-23 08:15:00+00:00,1.4088849571428572,2021-02-23 14:45:00+00:00,1.4059201714285714,8264,-24.50098914285804,24.50098914285804,stop_loss,-1.0
train,EUR_USD,long,2021-02-24 09:00:00+00:00,1.216913642857143,2021-02-24 13:00:00+00:00,1.2144354285714287,9861,-24.43767107142836,24.43767107142836,stop_loss,-1.0
train,EUR_USD,long,2021-02-25 08:00:00+00:00,1.2188119142857143,2021-02-25 09:45:00+00:00,1.2219914857142857,7667,24.377774142856868,24.377774142856868,take_profit,1.0
train,GBP_USD,long,2021-02-25 10:00:00+00:00,1.417591157142857,2021-02-25 11:45:00+00:00,1.4126353714285713,4931,-24.436979357142672,24.436979357142672,stop_loss,-1.0
train,EUR_USD,short,2021-02-26 07:45:00+00:00,1.2131247,2021-02-26 17:30:00+00:00,1.2079582,4718,24.37554700000035,24.37554700000035,take_profit,1.0
train,EUR_USD,short,2021-03-01 08:15:00+00:00,1.2070075714285715,2021-03-01 09:15:00+00:00,1.2038854285714287,7827,24.437012142857096,24.437012142857096,take_profit,1.0
train,GBP_USD,short,2021-03-01 08:15:00+00:00,1.3962504857142857,2021-03-01 13:00:00+00:00,1.3925329142857144,6574,24.439314571427857,24.439314571427857,take_profit,1.0
train,EUR_USD,short,2021-03-02 07:45:00+00:00,1.2003878142857143,2021-03-02 15:45:00+00:00,1.2049187428571428,5420,-24.5576328571428,24.5576328571428,stop_loss,-1.0
train,EUR_USD,long,2021-03-03 07:30:00+00:00,1.2094778714285714,2021-03-03 08:15:00+00:00,1.2079385142857142,15916,-24.500408285715913,24.500408285715913,stop_loss,-1.0
train,GBP_USD,long,2021-03-03 07:30:00+00:00,1.3982269571428572,2021-03-03 15:00:00+00:00,1.3937221714285712,5438,-24.49702471428683,24.49702471428683,stop_loss,-1.0
train,EUR_USD,short,2021-03-04 08:45:00+00:00,1.2038558142857143,2021-03-04 17:15:00+00:00,1.2013848857142857,9865,24.375710357143237,24.375710357143237,take_profit,1.0
train,EUR_USD,short,2021-03-05 08:00:00+00:00,1.194930457142857,2021-03-05 08:15:00+00:00,1.1930127428571426,12743,24.43743314285733,24.43743314285733,take_profit,1.0
train,EUR_USD,short,2021-03-08 07:30:00+00:00,1.1884484142857143,2021-03-09 00:30:00+00:00,1.1836904857142856,5149,24.498574214286684,24.498574214286684,take_profit,1.0
train,EUR_USD,long,2021-03-09 07:30:00+00:00,1.1872005285714284,2021-03-09 09:45:00+00:00,1.1908331714285714,6761,24.56029835714336,24.56029835714336,take_profit,1.0
train,GBP_USD,long,2021-03-09 07:30:00+00:00,1.3866370285714285,2021-03-10 14:00:00+00:00,1.3930621714285714,3822,24.55689600000019,24.55689600000019,take_profit,1.0
train,EUR_USD,long,2021-03-10 09:15:00+00:00,1.1900346428571429,2021-03-11 02:15:00+00:00,1.193167857142857,7858,24.62079785714151,24.62079785714151,take_profit,1.0
train,EUR_USD,long,2021-03-11 07:30:00+00:00,1.1941893714285714,2021-03-11 08:30:00+00:00,1.1967562285714284,9637,24.736802285712734,24.736802285712734,take_profit,1.0
train,GBP_USD,long,2021-03-11 07:15:00+00:00,1.3949633428571429,2021-03-11 17:00:00+00:00,1.398030057142857,8066,24.736117428570292,24.736117428570292,take_profit,1.0
train,EUR_USD,short,2021-03-12 07:15:00+00:00,1.1943715142857143,2021-03-16 13:45:00+00:00,1.1899090857142856,5571,24.8601895714296,24.8601895714296,take_profit,1.0
train,EUR_USD,short,2021-03-17 08:00:00+00:00,1.1890420428571429,2021-03-17 09:15:00+00:00,1.1907818285714287,14326,-24.92417014285824,24.92417014285824,stop_loss,-1.0
train,GBP_USD,long,2021-03-17 07:45:00+00:00,1.3921675857142857,2021-03-17 14:45:00+00:00,1.3877996571428572,5706,-24.923400428570595,24.923400428570595,stop_loss,-1.0
train,GBP_USD,long,2021-03-18 07:15:00+00:00,1.3995777999999999,2021-03-18 12:15:00+00:00,1.3935487999999998,4113,-24.797277000000257,24.797277000000257,stop_loss,-1.0
train,EUR_USD,long,2021-03-19 07:45:00+00:00,1.1932805857142859,2021-03-19 09:30:00+00:00,1.1902076571428573,8050,-24.737075000000242,24.737075000000242,stop_loss,-1.0
train,GBP_USD,long,2021-03-19 07:30:00+00:00,1.3942269571428572,2021-03-19 12:45:00+00:00,1.3892821714285717,5002,-24.733818142855927,24.733818142855927,stop_loss,-1.0
train,EUR_USD,long,2021-03-22 09:00:00+00:00,1.1903058571428573,2021-03-22 12:00:00+00:00,1.1930851428571432,8856,24.61335428571569,24.61335428571569,take_profit,1.0
train,GBP_USD,long,2021-03-22 08:45:00+00:00,1.3866525428571428,2021-03-23 08:15:00+00:00,1.3817898285714285,5061,-24.61019699999995,24.61019699999995,stop_loss,-1.0
train,EUR_USD,short,2021-03-23 07:45:00+00:00,1.191368942857143,2021-03-23 08:30:00+00:00,1.1886836571428572,9188,24.672405142858246,24.672405142858246,take_profit,1.0
train,GBP_USD,short,2021-03-23 08:30:00+00:00,1.3808262714285713,2021-03-23 10:15:00+00:00,1.3753976285714284,4533,24.608038071428496,24.608038071428496,take_profit,1.0
train,EUR_USD,short,2021-03-24 07:30:00+00:00,1.1823981285714285,2021-03-25 12:30:00+00:00,1.1796687714285712,9063,24.736163785715434,24.736163785715434,take_profit,1.0
train,GBP_USD,short,2021-03-24 07:30:00+00:00,1.3679775285714286,2021-03-25 17:30:00+00:00,1.3743098857142857,3906,-24.734186999999714,24.734186999999714,stop_loss,-1.0
train,GBP_USD,long,2021-03-26 08:15:00+00:00,1.3772182142857143,2021-03-26 13:45:00+00:00,1.3798892857142857,9261,24.736792499999456,24.736792499999456,take_profit,1.0
train,GBP_USD,long,2021-03-29 08:00:00+00:00,1.379769757142857,2021-03-29 08:30:00+00:00,1.383508542857143,6632,24.795626857143922,24.795626857143922,take_profit,1.0
train,EUR_USD,short,2021-03-30 06:30:00+00:00,1.1755525857142857,2021-03-30 07:30:00+00:00,1.1737755142857142,13989,24.85945221428559,24.85945221428559,take_profit,1.0
train,GBP_USD,long,2021-03-31 07:00:00+00:00,1.3753443857142857,2021-03-31 09:00:00+00:00,1.3788563142857142,7096,24.920645142856337,24.920645142856337,take_profit,1.0
train,EUR_USD,long,2021-03-31 07:00:00+00:00,1.172778342857143,2021-03-31 14:45:00+00:00,1.1751200571428573,10643,24.922865142857084,24.922865142857084,take_profit,1.0
train,EUR_USD,long,2021-04-01 07:30:00+00:00,1.1742637,2021-04-01 15:45:00+00:00,1.1771521999999999,8671,25.046183499998694,25.046183499998694,take_profit,1.0
train,EUR_USD,short,2021-04-05 08:00:00+00:00,1.1742203857142859,2021-04-05 12:30:00+00:00,1.1771884571428572,8460,-25.10988428571372,25.10988428571372,stop_loss,-1.0
train,GBP_USD,short,2021-04-06 07:00:00+00:00,1.3885466142857144,2021-04-06 08:15:00+00:00,1.3852596857142858,7620,25.04639571428546,25.04639571428546,take_profit,1.0
train,GBP_USD,short,2021-04-07 06:15:00+00:00,1.3789453285714286,2021-04-07 13:30:00+00:00,1.3738619714285716,4939,25.106700928570795,25.106700928570795,take_profit,1.0
train,GBP_USD,long,2021-04-08 07:00:00+00:00,1.3770924714285715,2021-04-08 08:45:00+00:00,1.3732401142857145,6534,-25.17130157142785,25.17130157142785,stop_loss,-1.0
train,EUR_USD,long,2021-04-08 07:15:00+00:00,1.1890192857142856,2021-04-08 10:45:00+00:00,1.186122857142857,8690,-25.16996428571434,25.16996428571434,stop_loss,-1.0
train,GBP_USD,short,2021-04-09 06:30:00+00:00,1.3697266428571429,2021-04-12 09:15:00+00:00,1.3750334285714287,4719,-25.04272178571511,25.04272178571511,stop_loss,-1.0
train,GBP_USD,long,2021-04-13 07:30:00+00:00,1.3764366857142858,2021-04-13 11:00:00+00:00,1.3726432571428573,6586,-24.983520571428123,24.983520571428123,stop_loss,-1.0
train,EUR_USD,short,2021-04-09 06:30:00+00:00,1.1887426142857143,2021-04-13 12:30:00+00:00,1.1919995428571428,7690,-25.04578071428565,25.04578071428565,stop_loss,-1.0
train,EUR_USD,long,2021-04-14 06:45:00+00:00,1.196757642857143,2021-04-14 16:45:00+00:00,1.1986258571428572,13306,24.858459285714005,24.858459285714005,take_profit,1.0
train,GBP_USD,long,2021-04-14 06:30:00+00:00,1.3785942999999998,2021-04-16 06:15:00+00:00,1.3749927999999998,6902,-24.857553000000244,24.857553000000244,stop_loss,-1.0
train,GBP_USD,short,2021-04-16 06:30:00+00:00,1.3737864142857141,2021-04-16 10:00:00+00:00,1.3785843428571427,5180,-24.853270000000034,24.853270000000034,stop_loss,-1.0
train,EUR_USD,long,2021-04-19 07:00:00+00:00,1.1976977714285713,2021-04-19 07:45:00+00:00,1.2010866285714283,7315,24.789489999999557,24.789489999999557,take_profit,1.0
train,GBP_USD,long,2021-04-19 08:00:00+00:00,1.3877638285714284,2021-04-19 12:45:00+00:00,1.394542971428571,3666,24.852337714284957,24.852337714284957,take_profit,1.0
train,EUR_USD,long,2021-04-20 07:00:00+00:00,1.2073716714285714,2021-04-20 12:30:00+00:00,1.2037333142857143,6848,-24.915469714285393,24.915469714285393,stop_loss,-1.0
train,EUR_USD,short,2021-04-21 07:30:00+00:00,1.2014788571428572,2021-04-22 01:45:00+00:00,1.2043745714285714,8583,-24.853915714285183,24.853915714285183,stop_loss,-1.0
train,GBP_USD,short,2021-04-22 08:15:00+00:00,1.391352057142857,2021-04-22 12:00:00+00:00,1.3877523428571426,6887,24.79123228571565,24.79123228571565,take_profit,1.0
train,EUR_USD,long,2021-04-23 07:00:00+00:00,1.2035885142857143,2021-04-23 08:15:00+00:00,1.2058410857142858,11034,24.854873142857848,24.854873142857848,take_profit,1.0
train,GBP_USD,long,2021-04-26 06:45:00+00:00,1.3911918857142858,2021-04-27 08:45:00+00:00,1.386462457142857,5268,-24.914629714286775,24.914629714286775,stop_loss,-1.0
train,EUR_USD,short,2021-04-28 06:30:00+00:00,1.2065132428571428,2021-04-28 14:15:00+00:00,1.2090670285714287,9732,-24.853442571430215,24.853442571430215,stop_loss,-1.0
train,EUR_USD,short,2021-04-29 06:45:00+00:00,1.2120808285714284,2021-04-30 10:00:00+00:00,1.209174971428571,8531,24.78986728571557,24.78986728571557,take_profit,1.0
train,EUR_USD,long,2021-05-03 07:00:00+00:00,1.2038505285714285,2021-05-03 14:00:00+00:00,1.2060531714285712,11284,24.854621999997853,24.854621999997853,take_profit,1.0
train,EUR_USD,short,2021-05-04 07:00:00+00:00,1.2032532285714286,2021-05-04 08:45:00+00:00,1.2005093714285715,9081,24.916966714285106,24.916966714285106,take_profit,1.0
train,EUR_USD,short,2021-05-05 06:15:00+00:00,1.2008736285714285,2021-05-05 07:00:00+00:00,1.1991417714285713,14423,24.97857557143062,24.97857557143062,take_profit,1.0
train,GBP_USD,short,2021-05-05 08:15:00+00:00,1.3884789714285715,2021-05-05 10:15:00+00:00,1.3914941142857142,8305,-25.040761428570722,25.040761428570722,stop_loss,-1.0
train,EUR_USD,long,2021-05-06 06:45:00+00:00,1.2018178142857143,2021-05-06 08:30:00+00:00,1.2042968857142857,10076,24.979123714285425,24.979123714285425,take_profit,1.0
train,EUR_USD,short,2021-05-07 06:30:00+00:00,1.2052237428571428,2021-05-07 07:00:00+00:00,1.2069350285714284,14633,-25.04124385714092,25.04124385714092,stop_loss,-1.0
train,GBP_USD,long,2021-05-07 07:15:00+00:00,1.3928436857142856,2021-05-07 12:15:00+00:00,1.389035257142857,6558,-24.97567457142877,24.97567457142877,stop_loss,-1.0
train,GBP_USD,long,2021-05-10 06:30:00+00:00,1.406423457142857,2021-05-10 11:30:00+00:00,1.411340742857143,5067,24.915886714286383,24.915886714286383,take_profit,1.0
train,GBP_USD,short,2021-05-11 06:30:00+00:00,1.4110964428571429,2021-05-11 07:30:00+00:00,1.4134442285714284,10639,-24.97809221428355,24.97809221428355,stop_loss,-1.0
train,EUR_USD,long,2021-05-11 08:45:00+00:00,1.2156565285714287,2021-05-12 02:45:00+00:00,1.2125938857142857,8135,-24.91459964285808,24.91459964285808,stop_loss,-1.0
train,EUR_USD,long,2021-05-13 06:30:00+00:00,1.2092192,2021-05-13 08:45:00+00:00,1.2070931999999999,11689,-24.850814000000845,24.850814000000845,stop_loss,-1.0
train,GBP_USD,short,2021-05-13 06:30:00+00:00,1.4047063714285715,2021-05-13 10:00:00+00:00,1.4016382285714284,8099,24.848889000001762,24.848889000001762,take_profit,1.0
train,GBP_USD,long,2021-05-14 06:30:00+00:00,1.4059036714285715,2021-05-14 11:30:00+00:00,1.4081920285714287,10859,24.849270214285614,24.849270214285614,take_profit,1.0
train,EUR_USD,long,2021-05-14 06:30:00+00:00,1.2106476,2021-05-14 13:45:00+00:00,1.2141456,7104,24.849792000000008,24.849792000000008,take_profit,1.0
train,GBP_USD,long,2021-05-17 06:45:00+00:00,1.4107727857142858,2021-05-17 12:15:00+00:00,1.4078488571428571,8541,-24.97327392857207,24.97327392857207,stop_loss,-1.0
train,EUR_USD,long,2021-05-18 06:15:00+00:00,1.2177967571428572,2021-05-18 07:45:00+00:00,1.220300542857143,9950,24.91266785714349,24.91266785714349,take_profit,1.0
train,EUR_USD,long,2021-05-19 06:30:00+00:00,1.2244873285714286,2021-05-19 07:45:00+00:00,1.221760685714286,9159,-24.973321928569405,24.973321928569405,stop_loss,-1.0
train,GBP_USD,long,2021-05-18 06:15:00+00:00,1.4180908142857143,2021-05-19 14:45:00+00:00,1.4136667428571428,5631,-24.911946214286036,24.911946214286036,stop_loss,-1.0
train,GBP_USD,long,2021-05-20 06:15:00+00:00,1.4125607285714286,2021-05-20 09:15:00+00:00,1.4102070857142857,10558,-24.849761285714752,24.849761285714752,stop_loss,-1.0
train,EUR_USD,long,2021-05-20 06:15:00+00:00,1.218917557142857,2021-05-20 13:15:00+00:00,1.2208753428571426,12692,24.848216285713093,24.848216285713093,take_profit,1.0
train,GBP_USD,long,2021-05-21 06:15:00+00:00,1.4196507857142857,2021-05-21 07:30:00+00:00,1.4170068571428571,9398,-24.847640714285877,24.847640714285877,stop_loss,-1.0
train,EUR_USD,long,2021-05-24 06:15:00+00:00,1.2192768571428572,2021-05-24 08:30:00+00:00,1.2175625714285714,14459,-24.786857142858082,24.786857142858082,stop_loss,-1.0
train,GBP_USD,long,2021-05-25 06:30:00+00:00,1.4187812142857144,2021-05-25 11:00:00+00:00,1.415255142857143,7012,-24.724812857142798,24.724812857142798,stop_loss,-1.0
train,GBP_USD,short,2021-05-26 07:15:00+00:00,1.4138251142857143,2021-05-26 09:45:00+00:00,1.4171595428571429,7396,-24.661433714285305,24.661433714285305,stop_loss,-1.0
train,EUR_USD,long,2021-05-25 06:45:00+00:00,1.2252003857142857,2021-05-26 15:15:00+00:00,1.221188457142857,6163,-24.725515785714613,24.725515785714613,stop_loss,-1.0
train,EUR_USD,long,2021-05-27 07:00:00+00:00,1.2199104428571428,2021-05-28 05:45:00+00:00,1.2175582285714286,10432,-24.53829942857047,24.53829942857047,stop_loss,-1.0
train,EUR_USD,short,2021-05-31 06:45:00+00:00,1.2183025285714286,2021-05-31 08:45:00+00:00,1.2204098857142858,11613,-24.472738500000048,24.472738500000048,stop_loss,-1.0
train,EUR_USD,long,2021-06-01 08:00:00+00:00,1.2242322571428572,2021-06-01 08:15:00+00:00,1.2218409714285716,10208,-24.410244571427363,24.410244571427363,stop_loss,-1.0
train,EUR_USD,short,2021-06-02 06:15:00+00:00,1.221283542857143,2021-06-02 07:45:00+00:00,1.219931257142857,18007,24.350608857144504,24.350608857144504,take_profit,1.0
train,EUR_USD,short,2021-06-03 06:15:00+00:00,1.2190940000000001,2021-06-03 12:15:00+00:00,1.2168040000000002,10660,24.41139999999897,24.41139999999897,take_profit,1.0
train,GBP_USD,long,2021-06-04 08:00:00+00:00,1.4116170714285714,2021-06-04 12:30:00+00:00,1.4149024285714284,7449,24.472625357142153,24.472625357142153,take_profit,1.0
train,EUR_USD,short,2021-06-07 06:30:00+00:00,1.2155231285714285,2021-06-07 11:30:00+00:00,1.2172174857142857,14480,-24.534291428571535,24.534291428571535,stop_loss,-1.0
train,GBP_USD,short,2021-06-07 06:15:00+00:00,1.4127402,2021-06-07 11:30:00+00:00,1.4169492,5829,-24.53426099999946,24.53426099999946,stop_loss,-1.0
train,EUR_USD,short,2021-06-08 07:30:00+00:00,1.2168605285714285,2021-06-08 14:45:00+00:00,1.2193678857142858,9736,-24.411629142858914,24.411629142858914,stop_loss,-1.0
train,GBP_USD,short,2021-06-08 07:30:00+00:00,1.4134752857142856,2021-06-09 08:00:00+00:00,1.418408857142857,4948,-24.411311428571416,24.411311428571416,stop_loss,-1.0
train,EUR_USD,long,2021-06-09 08:15:00+00:00,1.2190089142857143,2021-06-09 13:15:00+00:00,1.2208434857142858,13272,24.348432000000457,24.348432000000457,take_profit,1.0
train,GBP_USD,short,2021-06-10 07:15:00+00:00,1.4091173428571429,2021-06-10 12:30:00+00:00,1.4124806285714286,7239,-24.34682528571484,24.34682528571484,stop_loss,-1.0
train,GBP_USD,short,2021-06-11 07:15:00+00:00,1.4166578,2021-06-11 10:00:00+00:00,1.4147568000000001,12777,24.28907699999911,24.28907699999911,take_profit,1.0
train,GBP_USD,short,2021-06-14 06:30:00+00:00,1.4101611428571428,2021-06-14 08:15:00+00:00,1.4084368571428572,14121,24.34863857142728,24.34863857142728,take_profit,1.0
train,EUR_USD,long,2021-06-15 06:30:00+00:00,1.2133754428571428,2021-06-15 10:45:00+00:00,1.2114782285714285,12866,-24.40955900000046,24.40955900000046,stop_loss,-1.0
train,GBP_USD,long,2021-06-16 06:15:00+00:00,1.4094283142857142,2021-06-16 06:45:00+00:00,1.4111698857142858,13981,24.348910142859044,24.348910142859044,take_profit,1.0
train,EUR_USD,short,2021-06-17 06:15:00+00:00,1.1983088571428573,2021-06-17 07:15:00+00:00,1.1959631428571431,10406,24.40950285714169,24.40950285714169,take_profit,1.0
train,GBP_USD,short,2021-06-18 06:30:00+00:00,1.3886247285714286,2021-06-18 14:00:00+00:00,1.3827683714285715,4178,24.46786014285717,24.46786014285717,take_profit,1.0
train,EUR_USD,long,2021-06-21 06:45:00+00:00,1.187844857142857,2021-06-21 13:45:00+00:00,1.1909291428571427,7954,24.532408571428064,24.532408571428064,take_profit,1.0
train,GBP_USD,short,2021-06-22 07:15:00+00:00,1.3887435714285714,2021-06-22 15:00:00+00:00,1.3931157142857145,5625,-24.593303571429637,24.593303571429637,stop_loss,-1.0
train,GBP_USD,long,2021-06-23 06:45:00+00:00,1.395961757142857,2021-06-23 13:45:00+00:00,1.3994405428571428,7052,24.53239685714294,24.53239685714294,take_profit,1.0
train,EUR_USD,long,2021-06-24 07:00:00+00:00,1.1934787714285715,2021-06-24 12:45:00+00:00,1.1950026285714286,16139,24.593530428570364,24.593530428570364,take_profit,1.0
train,EUR_USD,long,2021-06-25 06:45:00+00:00,1.1949066428571429,2021-06-25 13:45:00+00:00,1.197089857142857,11293,24.65503892856942,24.65503892856942,take_profit,1.0
train,GBP_USD,long,2021-06-28 06:30:00+00:00,1.3905112000000002,2021-06-28 07:00:00+00:00,1.3932672000000001,8968,24.715807999999825,24.715807999999825,take_profit,1.0
train,GBP_USD,short,2021-06-29 08:15:00+00:00,1.3852448142857143,2021-06-29 11:00:00+00:00,1.3824688857142857,8926,24.77793842857177,24.77793842857177,take_profit,1.0
train,EUR_USD,short,2021-06-29 08:15:00+00:00,1.1905784714285714,2021-06-29 12:45:00+00:00,1.1881608285714285,10249,24.77842164285825,24.77842164285825,take_profit,1.0
train,GBP_USD,short,2021-06-30 07:15:00+00:00,1.3824462714285715,2021-06-30 10:30:00+00:00,1.3860849142857143,6843,-24.899233071428743,24.899233071428743,stop_loss,-1.0
train,EUR_USD,short,2021-06-30 07:30:00+00:00,1.1894302142857143,2021-06-30 12:15:00+00:00,1.1879812857142857,17186,24.901286428570742,24.901286428570742,take_profit,1.0
train,EUR_USD,short,2021-07-01 06:30:00+00:00,1.1837132714285716,2021-07-01 07:00:00+00:00,1.1860069142857144,10857,-24.902080499998622,24.902080499998622,stop_loss,-1.0
train,GBP_USD,short,2021-07-01 08:15:00+00:00,1.3795494,2021-07-01 18:15:00+00:00,1.3757363999999999,6514,24.837882000000434,24.837882000000434,take_profit,1.0
train,EUR_USD,short,2021-07-02 06:30:00+00:00,1.1837242428571428,2021-07-02 07:00:00+00:00,1.182715457142857,24685,24.90187535714383,24.90187535714383,take_profit,1.0
train,GBP_USD,short,2021-07-02 06:30:00+00:00,1.3756303857142858,2021-07-02 12:30:00+00:00,1.377648457142857,12339,-24.900983357141953,24.900983357141953,stop_loss,-1.0
train,EUR_USD,long,2021-07-05 06:45:00+00:00,1.186637542857143,2021-07-05 07:15:00+00:00,1.1851898285714288,17201,-24.90213342856837,24.90213342856837,stop_loss,-1.0
train,GBP_USD,long,2021-07-05 06:45:00+00:00,1.3844007142857142,2021-07-06 01:45:00+00:00,1.3870842857142855,9279,24.900859285713473,24.900859285713473,take_profit,1.0
train,EUR_USD,long,2021-07-06 06:15:00+00:00,1.1894383285714285,2021-07-06 08:15:00+00:00,1.1858666857142857,6971,-24.897922357142757,24.897922357142757,stop_loss,-1.0
train,GBP_USD,long,2021-07-06 06:15:00+00:00,1.3897212571428572,2021-07-06 08:15:00+00:00,1.3852249714285716,5538,-24.90043028571376,24.90043028571376,stop_loss,-1.0
train,GBP_USD,long,2021-07-07 06:30:00+00:00,1.3815516428571428,2021-07-07 07:00:00+00:00,1.3789734285714286,9609,-24.774061071428257,24.774061071428257,stop_loss,-1.0
train,GBP_USD,short,2021-07-08 06:45:00+00:00,1.377168042857143,2021-07-09 10:15:00+00:00,1.3804578285714284,7512,-24.712870285712746,24.712870285712746,stop_loss,-1.0
train,EUR_USD,short,2021-07-12 06:15:00+00:00,1.186364057142857,2021-07-12 07:45:00+00:00,1.1879637714285713,15410,-24.651597142856744,24.651597142856744,stop_loss,-1.0
train,GBP_USD,short,2021-07-13 07:00:00+00:00,1.3874079714285714,2021-07-13 11:15:00+00:00,1.3843678285714285,8088,24.588675428572063,24.588675428572063,take_profit,1.0
train,EUR_USD,short,2021-07-13 07:00:00+00:00,1.1853205714285715,2021-07-13 12:30:00+00:00,1.1831334285714288,11243,24.59004714285561,24.59004714285561,take_profit,1.0
train,GBP_USD,long,2021-07-14 06:15:00+00:00,1.3832104571428572,2021-07-14 10:30:00+00:00,1.3862427428571429,8149,24.710096285714247,24.710096285714247,take_profit,1.0
train,EUR_USD,long,2021-07-14 06:30:00+00:00,1.1794059142857143,2021-07-14 12:30:00+00:00,1.1815554857142858,11496,24.71147314285829,24.71147314285829,take_profit,1.0
train,GBP_USD,short,2021-07-15 07:30:00+00:00,1.3818624285714285,2021-07-15 10:00:00+00:00,1.3861602857142856,5778,-24.833018571428504,24.833018571428504,stop_loss,-1.0
train,GBP_USD,short,2021-07-16 06:15:00+00:00,1.381960657142857,2021-07-16 07:30:00+00:00,1.3798739428571427,11872,24.773472000001192,24.773472000001192,take_profit,1.0
train,EUR_USD,short,2021-07-19 07:00:00+00:00,1.1796744285714287,2021-07-19 07:30:00+00:00,1.1779965714285716,14802,24.835641428570266,24.835641428570266,take_profit,1.0
train,EUR_USD,short,2021-07-20 06:15:00+00:00,1.1777624714285715,2021-07-20 09:30:00+00:00,1.1802001142857144,10214,-24.898084142857318,24.898084142857318,stop_loss,-1.0
train,GBP_USD,short,2021-07-20 06:15:00+00:00,1.3656186714285714,2021-07-20 10:45:00+00:00,1.3623220285714286,7552,24.896246857142557,24.896246857142557,take_profit,1.0
train,EUR_USD,short,2021-07-21 06:15:00+00:00,1.1764040285714286,2021-07-21 08:45:00+00:00,1.1782738857142856,13315,-24.897147857141412,24.897147857141412,stop_loss,-1.0
train,GBP_USD,short,2021-07-21 06:15:00+00:00,1.3598484714285715,2021-07-21 13:00:00+00:00,1.3642061142857143,5713,-24.895213642856795,24.895213642856795,stop_loss,-1.0
train,GBP_USD,long,2021-07-22 06:15:00+00:00,1.3726419571428572,2021-07-22 10:30:00+00:00,1.3762217428571428,6920,24.77211714285658,24.77211714285658,take_profit,1.0
train,GBP_USD,short,2021-07-23 06:15:00+00:00,1.3754009857142857,2021-07-23 08:30:00+00:00,1.3728359142857145,9682,24.835021571426438,24.835021571426438,take_profit,1.0
train,GBP_USD,long,2021-07-26 07:30:00+00:00,1.3765362571428572,2021-07-26 08:15:00+00:00,1.3740549714285715,10034,-24.89722085714313,24.89722085714313,stop_loss,-1.0
train,GBP_USD,short,2021-07-27 06:15:00+00:00,1.3812214571428572,2021-07-27 07:15:00+00:00,1.3792887428571428,12849,24.83344585714431,24.83344585714431,take_profit,1.0
train,EUR_USD,long,2021-07-26 07:30:00+00:00,1.1798502714285715,2021-07-27 15:00:00+00:00,1.1833016285714286,7214,24.898090428571543,24.898090428571543,take_profit,1.0
train,EUR_USD,short,2021-07-28 06:45:00+00:00,1.1810430714285713,2021-07-28 08:45:00+00:00,1.1827277142857142,14814,-24.956299285714486,24.956299285714486,stop_loss,-1.0
train,EUR_USD,long,2021-07-29 06:15:00+00:00,1.1863070285714286,2021-07-29 14:15:00+00:00,1.1884921714285714,11393,24.895332571428895,24.895332571428895,take_profit,1.0
train,EUR_USD,long,2021-07-30 08:00:00+00:00,1.1896088428571427,2021-07-30 13:00:00+00:00,1.1875546285714285,12149,-24.95664935714284,24.95664935714284,stop_loss,-1.0
train,GBP_USD,long,2021-08-02 07:00:00+00:00,1.3916514285714285,2021-08-02 12:15:00+00:00,1.3886442857142858,8278,-24.8931285714278,24.8931285714278,stop_loss,-1.0
train,GBP_USD,long,2021-08-03 07:30:00+00:00,1.390934,2021-08-03 10:45:00+00:00,1.393174,11084,24.828160000000217,24.828160000000217,take_profit,1.0
train,EUR_USD,long,2021-08-02 07:00:00+00:00,1.1883593714285714,2021-08-03 14:45:00+00:00,1.1859525142857141,10343,-24.8941234285727,24.8941234285727,stop_loss,-1.0
train,EUR_USD,long,2021-08-04 07:00:00+00:00,1.1879576,2021-08-04 08:00:00+00:00,1.1860996,13363,-24.828454000001834,24.828454000001834,stop_loss,-1.0
train,GBP_USD,long,2021-08-04 06:45:00+00:00,1.3935800571428572,2021-08-04 14:30:00+00:00,1.3900697714285715,7073,-24.82825085714267,24.82825085714267,stop_loss,-1.0
train,EUR_USD,long,2021-08-05 07:15:00+00:00,1.1841173428571428,2021-08-05 08:30:00+00:00,1.1832006285714285,26949,-24.704533285713882,24.704533285713882,stop_loss,-1.0
train,GBP_USD,long,2021-08-05 07:15:00+00:00,1.3911229571428572,2021-08-05 11:00:00+00:00,1.3943777428571429,7590,24.703823571428643,24.703823571428643,take_profit,1.0
train,GBP_USD,short,2021-08-06 07:15:00+00:00,1.3913597142857144,2021-08-06 07:15:00+00:00,1.393031142857143,14781,-24.705385714285338,24.705385714285338,stop_loss,-1.0
train,EUR_USD,short,2021-08-06 08:30:00+00:00,1.180999557142857,2021-08-06 12:30:00+00:00,1.1786073428571429,10301,24.64219935714232,24.64219935714232,take_profit,1.0
train,GBP_USD,long,2021-08-09 06:15:00+00:00,1.3877077,2021-08-09 08:00:00+00:00,1.3855992,11716,-24.703186000000805,24.703186000000805,stop_loss,-1.0
train,EUR_USD,short,2021-08-10 07:45:00+00:00,1.1727118571428572,2021-08-10 13:45:00+00:00,1.1712911428571429,17345,24.642289285715066,24.642289285715066,take_profit,1.0
train,EUR_USD,short,2021-08-11 06:30:00+00:00,1.171024742857143,2021-08-11 12:30:00+00:00,1.1724910285714287,16848,-24.70398171428637,24.70398171428637,stop_loss,-1.0
train,GBP_USD,short,2021-08-12 06:45:00+00:00,1.3860021428571427,2021-08-12 07:45:00+00:00,1.3875114285714283,16327,-24.642107857140118,24.642107857140118,stop_loss,-1.0
train,EUR_USD,long,2021-08-12 09:00:00+00:00,1.1747593428571428,2021-08-12 10:15:00+00:00,1.1735026285714285,19560,-24.58133142857127,24.58133142857127,stop_loss,-1.0
train,GBP_USD,short,2021-08-13 06:30:00+00:00,1.3800037857142857,2021-08-13 11:30:00+00:00,1.3815948571428571,15411,-24.520001785713845,24.520001785713845,stop_loss,-1.0
train,GBP_USD,short,2021-08-16 07:00:00+00:00,1.3843606000000002,2021-08-16 08:15:00+00:00,1.3868576000000001,9795,-24.458114999999722,24.458114999999722,stop_loss,-1.0
train,EUR_USD,short,2021-08-16 07:00:00+00:00,1.1784836571428572,2021-08-16 11:45:00+00:00,1.1769119428571428,15561,24.45744600000089,24.45744600000089,take_profit,1.0
train,EUR_USD,short,2021-08-17 06:15:00+00:00,1.1765344428571427,2021-08-17 08:00:00+00:00,1.1779922285714284,16778,-24.458728714285062,24.458728714285062,stop_loss,-1.0
train,EUR_USD,long,2021-08-18 07:30:00+00:00,1.1729290142857143,2021-08-18 11:15:00+00:00,1.1705639428571428,10315,-24.395711785714532,24.395711785714532,stop_loss,-1.0
train,GBP_USD,short,2021-08-19 06:15:00+00:00,1.3706993571428572,2021-08-19 15:00:00+00:00,1.365656142857143,4825,24.33350892857098,24.33350892857098,take_profit,1.0
train,GBP_USD,short,2021-08-20 07:30:00+00:00,1.3610638857142858,2021-08-23 00:45:00+00:00,1.3641244571428572,7971,-24.395814857142728,24.395814857142728,stop_loss,-1.0
train,EUR_USD,long,2021-08-23 08:15:00+00:00,1.1726724142857143,2021-08-24 14:30:00+00:00,1.1760444857142858,7216,24.332867428571458,24.332867428571458,take_profit,1.0
train,GBP_USD,short,2021-08-25 07:00:00+00:00,1.3707697714285716,2021-08-25 08:00:00+00:00,1.3731309142857142,10331,-24.39296685714038,24.39296685714038,stop_loss,-1.0
train,EUR_USD,short,2021-08-26 06:45:00+00:00,1.1759839285714286,2021-08-26 07:30:00+00:00,1.1773742857142857,17501,-24.33264035714155,24.33264035714155,stop_loss,-1.0
train,GBP_USD,short,2021-08-26 06:30:00+00:00,1.3743427,2021-08-26 12:45:00+00:00,1.3719161999999998,10028,24.332942000001093,24.332942000001093,take_profit,1.0
train,EUR_USD,long,2021-08-27 06:30:00+00:00,1.176635742857143,2021-08-27 13:00:00+00:00,1.1742470285714288,10186,-24.331443714284724,24.331443714284724,stop_loss,-1.0
train,GBP_USD,short,2021-08-30 07:30:00+00:00,1.3752383285714287,2021-08-31 03:15:00+00:00,1.377516685714286,10653,-24.271338642858712,24.271338642858712,stop_loss,-1.0
train,GBP_USD,long,2021-08-31 06:15:00+00:00,1.3799398857142857,2021-08-31 13:00:00+00:00,1.375670457142857,5670,-24.207660000000423,24.207660000000423,stop_loss,-1.0
train,EUR_USD,long,2021-08-31 06:30:00+00:00,1.1829976,2021-09-01 05:00:00+00:00,1.1795696,7062,-24.208535999999906,24.208535999999906,stop_loss,-1.0
train,EUR_USD,long,2021-09-01 08:45:00+00:00,1.1816136,2021-09-01 12:45:00+00:00,1.1836715999999998,11704,24.08683199999875,24.08683199999875,take_profit,1.0
train,GBP_USD,long,2021-09-01 08:45:00+00:00,1.3764164857142858,2021-09-01 13:45:00+00:00,1.3797289142857143,7271,24.084668142856984,24.084668142856984,take_profit,1.0
train,GBP_USD,long,2021-09-02 07:45:00+00:00,1.3791404571428572,2021-09-02 13:45:00+00:00,1.381512742857143,10204,24.206803428572577,24.206803428572577,take_profit,1.0
train,EUR_USD,long,2021-09-02 07:45:00+00:00,1.1849074000000002,2021-09-02 14:30:00+00:00,1.1863544000000001,16729,24.2068629999996,24.2068629999996,take_profit,1.0
train,GBP_USD,short,2021-09-03 06:30:00+00:00,1.3829741285714288,2021-09-03 12:30:00+00:00,1.384553485714286,15404,-24.32841742857362,24.32841742857362,stop_loss,-1.0
train,EUR_USD,short,2021-09-06 07:30:00+00:00,1.1862328857142856,2021-09-07 14:30:00+00:00,1.1838573142857143,10215,24.2664621428565,24.2664621428565,take_profit,1.0
train,EUR_USD,short,2021-09-08 06:15:00+00:00,1.1832442714285714,2021-09-08 09:45:00+00:00,1.1814056285714285,13232,24.3289222857143,24.3289222857143,take_profit,1.0
train,GBP_USD,short,2021-09-08 06:15:00+00:00,1.3764526428571429,2021-09-08 14:30:00+00:00,1.373855857142857,9368,24.326688571430296,24.326688571430296,take_profit,1.0
train,GBP_USD,long,2021-09-09 06:45:00+00:00,1.377549557142857,2021-09-09 08:00:00+00:00,1.3796973428571428,11384,24.450392571429035,24.450392571429035,take_profit,1.0
train,EUR_USD,long,2021-09-10 07:15:00+00:00,1.1835768142857144,2021-09-10 15:45:00+00:00,1.1819327428571431,14909,-24.511460928568898,24.511460928568898,stop_loss,-1.0
train,GBP_USD,long,2021-09-10 07:00:00+00:00,1.386090957142857,2021-09-10 19:30:00+00:00,1.3833161714285716,8833,-24.509682214283522,24.509682214283522,stop_loss,-1.0
train,EUR_USD,short,2021-09-13 06:30:00+00:00,1.1785424142857144,2021-09-13 15:15:00+00:00,1.1812803428571428,8907,-24.386729785712806,24.386729785712806,stop_loss,-1.0
train,GBP_USD,short,2021-09-14 06:15:00+00:00,1.3832603,2021-09-14 06:30:00+00:00,1.3849888000000001,14074,-24.326909000000306,24.326909000000306,stop_loss,-1.0
train,EUR_USD,long,2021-09-14 07:15:00+00:00,1.1824782714285713,2021-09-14 10:15:00+00:00,1.1805969142857142,12899,-24.26762578571357,24.26762578571357,stop_loss,-1.0
train,GBP_USD,long,2021-09-15 06:15:00+00:00,1.382090357142857,2021-09-15 13:45:00+00:00,1.3848421428571427,8796,24.204707142855977,24.204707142855977,take_profit,1.0
train,EUR_USD,short,2021-09-16 07:00:00+00:00,1.1791018857142859,2021-09-16 12:15:00+00:00,1.1761813142857143,8309,24.26702800000147,24.26702800000147,take_profit,1.0
train,GBP_USD,short,2021-09-16 07:00:00+00:00,1.381370542857143,2021-09-16 13:45:00+00:00,1.3775032571428574,6275,24.26721785714232,24.26721785714232,take_profit,1.0
train,EUR_USD,long,2021-09-17 07:15:00+00:00,1.1784178857142857,2021-09-17 13:15:00+00:00,1.1759184571428574,9757,-24.386924571426654,24.386924571426654,stop_loss,-1.0
train,GBP_USD,short,2021-09-20 06:45:00+00:00,1.3694693571428571,2021-09-20 11:45:00+00:00,1.3659561428571427,6924,24.32549571428639,24.32549571428639,take_profit,1.0
train,GBP_USD,long,2021-09-21 06:30:00+00:00,1.3680010142857144,2021-09-21 14:00:00+00:00,1.364925942857143,7931,-24.388391500000097,24.388391500000097,stop_loss,-1.0
train,EUR_USD,long,2021-09-22 07:15:00+00:00,1.1731576857142856,2021-09-22 18:00:00+00:00,1.171679257142857,16455,-24.327542142858572,24.327542142858572,stop_loss,-1.0
train,EUR_USD,long,2021-09-23 06:30:00+00:00,1.1715671142857143,2021-09-23 14:00:00+00:00,1.1747626857142857,7593,24.263973857142705,24.263973857142705,take_profit,1.0
train,EUR_USD,short,2021-09-24 06:45:00+00:00,1.1733342285714286,2021-09-24 11:30:00+00:00,1.1719453714285715,17516,24.327221714284626,24.327221714284626,take_profit,1.0
train,EUR_USD,short,2021-09-27 06:30:00+00:00,1.1713635857142857,2021-09-27 07:45:00+00:00,1.170231514285714,21543,24.38821478571873,24.38821478571873,take_profit,1.0
train,EUR_USD,short,2021-09-28 06:45:00+00:00,1.1682510142857143,2021-09-29 07:00:00+00:00,1.1662260857142857,12074,24.448987571429683,24.448987571429683,take_profit,1.0
train,GBP_USD,short,2021-09-29 07:15:00+00:00,1.3505229,2021-09-29 12:45:00+00:00,1.3457374000000002,5121,24.506545499999422,24.506545499999422,take_profit,1.0
train,EUR_USD,short,2021-09-29 07:15:00+00:00,1.1658891999999998,2021-09-29 14:00:00+00:00,1.1627952,7922,24.51066799999945,24.51066799999945,take_profit,1.0
train,EUR_USD,short,2021-09-30 07:15:00+00:00,1.1592190285714286,2021-09-30 07:15:00+00:00,1.1608338857142857,15254,-24.633030857142813,24.633030857142813,stop_loss,-1.0
train,GBP_USD,short,2021-09-30 07:15:00+00:00,1.3419715,2021-09-30 09:30:00+00:00,1.3459640000000002,6170,-24.633725000000403,24.633725000000403,stop_loss,-1.0
train,EUR_USD,long,2021-10-01 07:00:00+00:00,1.1588479571428572,2021-10-04 08:00:00+00:00,1.1613877428571429,9650,24.50893214285703,24.50893214285703,take_profit,1.0
train,GBP_USD,long,2021-10-05 08:15:00+00:00,1.3624495,2021-10-06 07:00:00+00:00,1.358492,6208,-24.56816000000036,24.56816000000036,stop_loss,-1.0
train,GBP_USD,short,2021-10-06 07:15:00+00:00,1.3586315714285713,2021-10-07 14:30:00+00:00,1.363163714285714,5407,-24.505296428570915,24.505296428570915,stop_loss,-1.0
train,GBP_USD,short,2021-10-08 07:00:00+00:00,1.3594784714285715,2021-10-08 09:45:00+00:00,1.3623161142857143,8613,-24.440617928571196,24.440617928571196,stop_loss,-1.0
train,EUR_USD,long,2021-10-11 06:30:00+00:00,1.1582167428571428,2021-10-11 08:15:00+00:00,1.1564330285714284,13669,-24.381590571430735,24.381590571430735,stop_loss,-1.0
train,EUR_USD,long,2021-10-12 06:30:00+00:00,1.1566153857142856,2021-10-12 12:15:00+00:00,1.154778457142857,13240,-24.320934285714486,24.320934285714486,stop_loss,-1.0
train,GBP_USD,long,2021-10-13 07:45:00+00:00,1.3626056857142856,2021-10-14 06:15:00+00:00,1.3675841142857141,4873,24.259882428571053,24.259882428571053,take_profit,1.0
train,EUR_USD,long,2021-10-14 07:00:00+00:00,1.1602577285714286,2021-10-14 08:30:00+00:00,1.1617263714285713,16558,24.317788428568075,24.317788428568075,take_profit,1.0
train,GBP_USD,long,2021-10-15 07:00:00+00:00,1.3699513285714284,2021-10-15 08:00:00+00:00,1.3731079714285712,7723,24.378752785713754,24.378752785713754,take_profit,1.0
train,EUR_USD,long,2021-10-15 07:00:00+00:00,1.161505657142857,2021-10-15 12:30:00+00:00,1.1588573714285713,9205,-24.37747000000051,24.37747000000051,stop_loss,-1.0
train,EUR_USD,short,2021-10-18 06:30:00+00:00,1.1572936,2021-10-18 12:00:00+00:00,1.1601056,8669,-24.37722800000032,24.37722800000032,stop_loss,-1.0
train,GBP_USD,short,2021-10-18 06:30:00+00:00,1.3722012,2021-10-19 03:30:00+00:00,1.3765451999999998,5612,-24.37852799999946,24.37852799999946,stop_loss,-1.0
train,GBP_USD,short,2021-10-20 06:30:00+00:00,1.3786791285714286,2021-10-20 10:15:00+00:00,1.3758747714285715,8649,24.254884928571013,24.254884928571013,take_profit,1.0
train,EUR_USD,short,2021-10-21 07:00:00+00:00,1.1646419714285714,2021-10-21 18:15:00+00:00,1.1625618285714285,11690,24.316870000000076,24.316870000000076,take_profit,1.0
train,EUR_USD,long,2021-10-22 06:30:00+00:00,1.1633060714285715,2021-10-22 07:30:00+00:00,1.1644364285714286,21565,24.376151785714253,24.376151785714253,take_profit,1.0
train,GBP_USD,short,2021-10-21 06:45:00+00:00,1.3800668857142857,2021-10-22 14:30:00+00:00,1.3768013142857143,7446,24.31544485714282,24.31544485714282,take_profit,1.0
train,GBP_USD,long,2021-10-25 07:30:00+00:00,1.3787938999999998,2021-10-25 09:15:00+00:00,1.3754343999999998,7292,-24.497473999999706,24.497473999999706,stop_loss,-1.0
train,GBP_USD,long,2021-10-26 07:00:00+00:00,1.3781308,2021-10-26 10:00:00+00:00,1.3804948,10337,24.436667999998043,24.436667999998043,take_profit,1.0
train,EUR_USD,long,2021-10-27 07:00:00+00:00,1.1606862571428571,2021-10-27 08:30:00+00:00,1.1594149714285715,19270,-24.497675714283243,24.497675714283243,stop_loss,-1.0
train,GBP_USD,long,2021-10-28 07:00:00+00:00,1.3751015857142856,2021-10-28 13:45:00+00:00,1.3779595142857142,8550,24.43528928571389,24.43528928571389,take_profit,1.0
train,GBP_USD,short,2021-10-29 06:15:00+00:00,1.3784214571428572,2021-10-29 09:15:00+00:00,1.3764987428571431,12741,24.49730271428349,24.49730271428349,take_profit,1.0
train,GBP_USD,short,2021-11-01 07:15:00+00:00,1.3656576571428571,2021-11-01 12:45:00+00:00,1.3687593714285713,7918,-24.559373714284657,24.559373714284657,stop_loss,-1.0
train,EUR_USD,long,2021-11-02 07:45:00+00:00,1.1612095142857144,2021-11-02 08:00:00+00:00,1.159551942857143,14779,-24.497248142856268,24.497248142856268,stop_loss,-1.0
train,GBP_USD,long,2021-11-02 07:45:00+00:00,1.366586242857143,2021-11-02 08:15:00+00:00,1.3639950285714288,9454,-24.497339857140837,24.497339857140837,stop_loss,-1.0
train,EUR_USD,long,2021-11-03 08:30:00+00:00,1.158898,2021-11-03 13:15:00+00:00,1.157548,18056,-24.37559999999932,24.37559999999932,stop_loss,-1.0
train,EUR_USD,short,2021-11-04 07:30:00+00:00,1.1575118714285715,2021-11-04 15:15:00+00:00,1.1534712285714286,6017,24.3125480714288,24.3125480714288,take_profit,1.0
train,EUR_USD,long,2021-11-05 07:15:00+00:00,1.1559374,2021-11-05 09:00:00+00:00,1.1541603999999999,13717,-24.375109000001913,24.375109000001913,stop_loss,-1.0
train,GBP_USD,short,2021-11-08 08:30:00+00:00,1.3453630857142858,2021-11-08 09:00:00+00:00,1.3494076571428573,6011,-24.311918857143336,24.311918857143336,stop_loss,-1.0
train,GBP_USD,long,2021-11-09 09:30:00+00:00,1.3595916285714285,2021-11-09 13:30:00+00:00,1.3547834857142858,5044,-24.252272571427806,24.252272571427806,stop_loss,-1.0
train,EUR_USD,short,2021-11-10 07:15:00+00:00,1.1573134285714284,2021-11-10 11:45:00+00:00,1.1551505714285712,11185,24.191557142857032,24.191557142857032,take_profit,1.0
train,GBP_USD,short,2021-11-11 08:00:00+00:00,1.339054357142857,2021-11-15 01:45:00+00:00,1.3433025714285713,5709,-24.253055357143015,24.253055357143015,stop_loss,-1.0
train,GBP_USD,short,2021-11-15 08:45:00+00:00,1.3404445857142857,2021-11-15 11:45:00+00:00,1.344011657142857,6782,-24.191878428571084,24.191878428571084,stop_loss,-1.0
train,EUR_USD,short,2021-11-11 08:00:00+00:00,1.1459602714285713,2021-11-15 15:30:00+00:00,1.1431916285714283,8760,24.25331142857229,24.25331142857229,take_profit,1.0
train,GBP_USD,long,2021-11-16 07:15:00+00:00,1.3447226714285716,2021-11-17 03:30:00+00:00,1.3410993142857144,6677,-24.193155642857658,24.193155642857658,stop_loss,-1.0
train,GBP_USD,long,2021-11-17 07:15:00+00:00,1.3453779714285714,2021-11-18 07:30:00+00:00,1.3511478285714285,4182,24.12954257142818,24.12954257142818,take_profit,1.0
train,GBP_USD,long,2021-11-19 07:30:00+00:00,1.3505706142857143,2021-11-19 08:30:00+00:00,1.348137542857143,9941,-24.18716307142838,24.18716307142838,stop_loss,-1.0
train,EUR_USD,short,2021-11-22 08:00:00+00:00,1.1259367714285715,2021-11-22 10:30:00+00:00,1.1289429142857146,8026,-24.127302571430263,24.127302571430263,stop_loss,-1.0
train,GBP_USD,short,2021-11-23 07:15:00+00:00,1.3380594428571428,2021-11-23 07:15:00+00:00,1.3404822285714286,9934,-24.06795328571494,24.06795328571494,stop_loss,-1.0
train,EUR_USD,long,2021-11-23 07:30:00+00:00,1.1256206714285715,2021-11-24 08:45:00+00:00,1.1226473142857143,8094,-24.06635271428602,24.06635271428602,stop_loss,-1.0
train,GBP_USD,short,2021-11-24 09:00:00+00:00,1.3362615285714285,2021-11-24 14:00:00+00:00,1.3338791714285716,10051,23.945071642855204,23.945071642855204,take_profit,1.0
train,EUR_USD,long,2021-11-25 08:15:00+00:00,1.1220079714285716,2021-11-25 21:45:00+00:00,1.1202981142857145,14039,-24.004684428570776,24.004684428570776,stop_loss,-1.0
train,EUR_USD,long,2021-11-26 07:15:00+00:00,1.1238707571428572,2021-11-26 08:15:00+00:00,1.1270245428571428,7591,23.940387357141955,23.940387357141955,take_profit,1.0
train,EUR_USD,short,2021-11-29 07:15:00+00:00,1.1265188428571429,2021-11-29 23:15:00+00:00,1.1296546285714286,7653,-23.998168071428797,23.998168071428797,stop_loss,-1.0
train,EUR_USD,long,2021-11-30 08:00:00+00:00,1.1329535714285714,2021-11-30 14:45:00+00:00,1.1374214285714288,5358,23.938778571429715,23.938778571429715,take_profit,1.0
train,EUR_USD,long,2021-12-01 08:00:00+00:00,1.1341432285714286,2021-12-01 08:30:00+00:00,1.1316570857142856,9654,-24.001223142858446,24.001223142858446,stop_loss,-1.0
train,EUR_USD,short,2021-12-02 07:45:00+00:00,1.1309515142857143,2021-12-02 11:00:00+00:00,1.133853942857143,8248,-23.93923085714433,23.93923085714433,stop_loss,-1.0
train,GBP_USD,short,2021-12-03 07:15:00+00:00,1.3278413714285715,2021-12-03 11:00:00+00:00,1.3256682285714287,10989,23.880666857141815,23.880666857141815,take_profit,1.0
train,EUR_USD,short,2021-12-06 08:00:00+00:00,1.1274311285714285,2021-12-06 10:00:00+00:00,1.1303554857142857,8186,-23.93878757142916,23.93878757142916,stop_loss,-1.0
train,EUR_USD,short,2021-12-07 09:00:00+00:00,1.1274170428571428,2021-12-07 12:15:00+00:00,1.125202257142857,10782,23.879819571429433,23.879819571429433,take_profit,1.0
train,GBP_USD,short,2021-12-08 07:30:00+00:00,1.3237300285714284,2021-12-08 10:15:00+00:00,1.3213601714285712,10102,23.940296857143448,23.940296857143448,take_profit,1.0
train,EUR_USD,short,2021-12-09 07:45:00+00:00,1.132110942857143,2021-12-09 15:00:00+00:00,1.1298256571428575,10502,24.00007057142563,24.00007057142563,take_profit,1.0
train,GBP_USD,short,2021-12-10 08:30:00+00:00,1.3209269142857143,2021-12-10 13:30:00+00:00,1.3232623428571428,10302,-24.05958514285686,24.05958514285686,stop_loss,-1.0
train,GBP_USD,short,2021-12-13 07:45:00+00:00,1.3222101857142856,2021-12-13 11:15:00+00:00,1.326049257142857,6251,-23.998035499999997,23.998035499999997,stop_loss,-1.0
train,EUR_USD,short,2021-12-14 08:00:00+00:00,1.1269829142857142,2021-12-14 08:45:00+00:00,1.1284383428571427,16449,-23.940344571428252,23.940344571428252,stop_loss,-1.0
train,GBP_USD,long,2021-12-15 08:00:00+00:00,1.3252222571428571,2021-12-15 08:45:00+00:00,1.3277035428571429,9624,23.879893714285977,23.879893714285977,take_profit,1.0
train,EUR_USD,long,2021-12-16 07:15:00+00:00,1.1296762,2021-12-16 08:45:00+00:00,1.1312072,15637,23.940246999999204,23.940246999999204,take_profit,1.0
train,GBP_USD,short,2021-12-17 07:15:00+00:00,1.3316094285714286,2021-12-17 09:30:00+00:00,1.3337422857142855,11252,-23.99890857142625,23.99890857142625,stop_loss,-1.0
train,GBP_USD,short,2021-12-20 07:15:00+00:00,1.3210413857142858,2021-12-20 09:15:00+00:00,1.3185583142857142,9641,23.939291642857977,23.939291642857977,take_profit,1.0
train,GBP_USD,long,2021-12-21 07:30:00+00:00,1.3224984142857141,2021-12-21 10:00:00+00:00,1.3251404857142857,9083,23.997934785715255,23.997934785715255,take_profit,1.0
train,EUR_USD,long,2021-12-21 07:30:00+00:00,1.1288268142857143,2021-12-21 14:30:00+00:00,1.1273327428571431,16063,-23.999269357138612,23.999269357138612,stop_loss,-1.0
train,GBP_USD,long,2021-12-22 09:30:00+00:00,1.3277981571428572,2021-12-22 10:45:00+00:00,1.331548942857143,6398,23.997527000000396,23.997527000000396,take_profit,1.0
train,GBP_USD,long,2021-12-23 07:45:00+00:00,1.336517442857143,2021-12-23 09:30:00+00:00,1.3387446571428574,10802,24.058368714287866,24.058368714287866,take_profit,1.0
train,EUR_USD,long,2021-12-24 08:30:00+00:00,1.1336243857142858,2021-12-24 12:45:00+00:00,1.1322924571428574,18109,-24.119894499996658,24.119894499996658,stop_loss,-1.0
train,EUR_USD,long,2021-12-27 07:45:00+00:00,1.1327158428571429,2021-12-27 08:30:00+00:00,1.1313566285714285,17701,-24.05945207143049,24.05945207143049,stop_loss,-1.0
train,EUR_USD,short,2021-12-28 08:00:00+00:00,1.1316743,2021-12-28 08:15:00+00:00,1.1331028,16801,-24.00022850000092,24.00022850000092,stop_loss,-1.0
train,GBP_USD,short,2021-12-29 07:15:00+00:00,1.3415930857142857,2021-12-29 11:45:00+00:00,1.3436976571428572,11375,-23.939500000000308,23.939500000000308,stop_loss,-1.0
train,GBP_USD,short,2021-12-30 08:15:00+00:00,1.3464387999999998,2021-12-30 12:30:00+00:00,1.3504648,5931,-23.878206000000503,23.878206000000503,stop_loss,-1.0
train,GBP_USD,long,2021-12-31 08:15:00+00:00,1.3512212714285714,2021-12-31 11:00:00+00:00,1.3493849142857142,12971,-23.819388500001217,23.819388500001217,stop_loss,-1.0
train,EUR_USD,short,2021-12-30 08:15:00+00:00,1.1310507142857142,2021-12-31 15:15:00+00:00,1.135967142857143,4857,-23.879093571429244,23.879093571429244,stop_loss,-1.0
train,EUR_USD,short,2022-01-04 07:15:00+00:00,1.128620942857143,2022-01-04 15:15:00+00:00,1.1309262285714288,10281,-23.70064242857218,23.70064242857218,stop_loss,-1.0
train,EUR_USD,long,2022-01-05 08:15:00+00:00,1.1306594857142855,2022-01-05 14:30:00+00:00,1.1335969142857139,8048,23.640425142855065,23.640425142855065,take_profit,1.0
train,GBP_USD,long,2022-01-05 08:15:00+00:00,1.3546815142857143,2022-01-05 16:30:00+00:00,1.3570390857142856,10028,23.64172628571292,23.64172628571292,take_profit,1.0
train,EUR_USD,short,2022-01-06 07:15:00+00:00,1.1290503714285713,2022-01-06 10:15:00+00:00,1.1319885142857142,8086,-23.7578231428574,23.7578231428574,stop_loss,-1.0
train,EUR_USD,long,2022-01-07 07:30:00+00:00,1.1304651428571428,2022-01-07 13:30:00+00:00,1.1318908571428572,16624,23.701074285715578,23.701074285715578,take_profit,1.0
train,EUR_USD,short,2022-01-10 08:15:00+00:00,1.1322906428571429,2022-01-10 14:15:00+00:00,1.1288138571428572,6834,23.760353571428258,23.760353571428258,take_profit,1.0
train,EUR_USD,long,2022-01-11 08:30:00+00:00,1.1348313714285714,2022-01-11 09:45:00+00:00,1.132884514285714,12235,-23.819797142859812,23.819797142859812,stop_loss,-1.0
train,GBP_USD,long,2022-01-11 08:15:00+00:00,1.361353257142857,2022-01-11 12:45:00+00:00,1.3577669714285714,6641,-23.81652342857102,23.81652342857102,stop_loss,-1.0
train,GBP_USD,short,2022-01-12 07:30:00+00:00,1.3626114857142857,2022-01-12 13:00:00+00:00,1.3645140571428571,12457,-23.700332285714182,23.700332285714182,stop_loss,-1.0
train,EUR_USD,short,2022-01-12 07:30:00+00:00,1.1357032285714286,2022-01-12 13:30:00+00:00,1.1377670857142856,11483,-23.69927157142764,23.69927157142764,stop_loss,-1.0
train,EUR_USD,long,2022-01-13 07:30:00+00:00,1.1451668857142856,2022-01-13 08:00:00+00:00,1.1467213142857142,15171,23.582235857143644,23.582235857143644,take_profit,1.0
train,GBP_USD,long,2022-01-13 07:30:00+00:00,1.372628442857143,2022-01-13 10:15:00+00:00,1.3747506571428574,11112,23.582045142859116,23.582045142859116,take_profit,1.0
train,EUR_USD,long,2022-01-17 07:30:00+00:00,1.1423874857142857,2022-01-17 12:45:00+00:00,1.1400500571428571,10139,-23.69918828571459,23.69918828571459,stop_loss,-1.0
train,EUR_USD,long,2022-01-19 07:30:00+00:00,1.1339573714285713,2022-01-20 01:15:00+00:00,1.1360142285714283,11493,23.639459142855173,23.639459142855173,take_profit,1.0
train,EUR_USD,long,2022-01-20 07:45:00+00:00,1.1367189000000002,2022-01-20 09:45:00+00:00,1.1343244000000001,9893,-23.68878850000076,23.68878850000076,stop_loss,-1.0
train,GBP_USD,short,2022-01-21 08:00:00+00:00,1.3575073,2022-01-21 15:15:00+00:00,1.3548538,8905,23.62941749999879,23.62941749999879,take_profit,1.0
train,GBP_USD,short,2022-01-24 09:00:00+00:00,1.3535746,2022-01-24 10:15:00+00:00,1.3505875999999999,7930,23.68691000000058,23.68691000000058,take_profit,1.0
train,EUR_USD,short,2022-01-25 08:00:00+00:00,1.1301404142857143,2022-01-25 11:15:00+00:00,1.1278724857142859,10471,23.74748007142714,23.74748007142714,take_profit,1.0
train,GBP_USD,short,2022-01-26 07:15:00+00:00,1.3501221142857143,2022-01-26 11:00:00+00:00,1.3520015428571428,12667,-23.806721714285214,23.806721714285214,stop_loss,-1.0
train,EUR_USD,short,2022-01-26 07:30:00+00:00,1.1290936714285713,2022-01-26 19:30:00+00:00,1.1271720285714282,12389,23.807233357146306,23.807233357146306,take_profit,1.0
train,EUR_USD,short,2022-01-27 07:30:00+00:00,1.1209503285714286,2022-01-27 11:30:00+00:00,1.1176019714285716,7110,23.806819285713075,23.806819285713075,take_profit,1.0
train,EUR_USD,short,2022-01-28 07:30:00+00:00,1.1130099714285713,2022-01-28 13:30:00+00:00,1.1155501142857143,9396,-23.86718228571554,23.86718228571554,stop_loss,-1.0
train,GBP_USD,long,2022-01-31 08:00:00+00:00,1.343600957142857,2022-01-31 12:00:00+00:00,1.3400261714285713,6659,-23.80449807142929,23.80449807142929,stop_loss,-1.0
train,EUR_USD,long,2022-01-31 08:00:00+00:00,1.1171875285714286,2022-01-31 15:15:00+00:00,1.1199051714285715,8760,23.806551428572085,23.806551428572085,take_profit,1.0
train,GBP_USD,long,2022-02-01 07:30:00+00:00,1.3472115285714286,2022-02-01 11:15:00+00:00,1.3509491714285715,6369,23.80504735714347,23.80504735714347,take_profit,1.0
train,GBP_USD,long,2022-02-02 07:15:00+00:00,1.353438057142857,2022-02-02 10:45:00+00:00,1.3551383428571426,14037,23.86691057142695,23.86691057142695,take_profit,1.0
train,EUR_USD,short,2022-02-03 07:30:00+00:00,1.1288210571428572,2022-02-03 12:45:00+00:00,1.126826342857143,11995,23.926597857141626,23.926597857141626,take_profit,1.0
train,GBP_USD,short,2022-02-04 08:00:00+00:00,1.3581076,2022-02-04 13:15:00+00:00,1.3547056,7050,23.984100000000897,23.984100000000897,take_profit,1.0
train,GBP_USD,long,2022-02-07 07:45:00+00:00,1.3539504285714286,2022-02-07 09:45:00+00:00,1.3516682857142857,10536,-24.044657142857588,24.044657142857588,stop_loss,-1.0
train,EUR_USD,short,2022-02-08 07:15:00+00:00,1.1404409857142856,2022-02-09 17:30:00+00:00,1.144816057142857,5482,-23.984141571427855,23.984141571427855,stop_loss,-1.0
train,GBP_USD,long,2022-02-10 07:15:00+00:00,1.3539672142857144,2022-02-10 08:15:00+00:00,1.3552232857142859,19049,23.926904642857092,23.926904642857092,take_profit,1.0
train,EUR_USD,long,2022-02-10 09:00:00+00:00,1.1434220285714287,2022-02-10 13:30:00+00:00,1.1413618857142858,11643,-23.98624328571542,23.98624328571542,stop_loss,-1.0
train,GBP_USD,long,2022-02-11 08:45:00+00:00,1.3560514428571429,2022-02-11 15:45:00+00:00,1.3607286571428572,5115,23.923951071428778,23.923951071428778,take_profit,1.0
train,GBP_USD,short,2022-02-14 07:15:00+00:00,1.3531704285714286,2022-02-15 14:45:00+00:00,1.3491825714285715,6014,23.98297285714259,23.98297285714259,take_profit,1.0
train,EUR_USD,long,2022-02-16 07:15:00+00:00,1.1368161,2022-02-16 08:45:00+00:00,1.1390666,10684,24.044341999999286,24.044341999999286,take_profit,1.0
train,GBP_USD,long,2022-02-16 07:15:00+00:00,1.3560075714285715,2022-02-16 13:30:00+00:00,1.3539597142857143,11741,-24.04389071428718,24.04389071428718,stop_loss,-1.0
train,GBP_USD,long,2022-02-17 09:30:00+00:00,1.3600808,2022-02-22 08:00:00+00:00,1.3555468,5303,-24.043802000000202,24.043802000000202,stop_loss,-1.0
train,EUR_USD,long,2022-02-22 08:30:00+00:00,1.1322769714285714,2022-02-22 10:45:00+00:00,1.1357218285714286,6961,23.97965057142854,23.97965057142854,take_profit,1.0
train,GBP_USD,long,2022-02-23 08:00:00+00:00,1.3608806857142857,2022-02-23 11:45:00+00:00,1.358527257142857,10216,-24.042626285714753,24.042626285714753,stop_loss,-1.0
train,EUR_USD,long,2022-02-23 08:00:00+00:00,1.1340607428571428,2022-02-23 15:45:00+00:00,1.1320170285714284,11764,-24.04225485714386,24.04225485714386,stop_loss,-1.0
train,GBP_USD,short,2022-02-24 07:30:00+00:00,1.3474359142857144,2022-02-24 11:15:00+00:00,1.3402154857142858,3313,23.92127985714286,23.92127985714286,take_profit,1.0
train,EUR_USD,short,2022-02-25 08:30:00+00:00,1.1178103857142858,2022-02-25 12:45:00+00:00,1.1228884571428575,4722,-23.978653285715282,23.978653285715282,stop_loss,-1.0
train,EUR_USD,long,2022-03-01 07:30:00+00:00,1.122051557142857,2022-03-01 09:45:00+00:00,1.1190837714285715,8060,-23.92035285714174,23.92035285714174,stop_loss,-1.0
train,GBP_USD,long,2022-03-01 07:15:00+00:00,1.3432719857142856,2022-03-01 10:00:00+00:00,1.340572057142857,8860,-23.921367142857793,23.921367142857793,stop_loss,-1.0
train,GBP_USD,short,2022-03-02 07:15:00+00:00,1.3279048,2022-03-02 13:45:00+00:00,1.3338808,3983,-23.802407999999925,23.802407999999925,stop_loss,-1.0
train,EUR_USD,short,2022-03-02 07:15:00+00:00,1.1093277,2022-03-02 16:30:00+00:00,1.1135192,5678,-23.799337000000712,23.799337000000712,stop_loss,-1.0
train,EUR_USD,short,2022-03-03 09:15:00+00:00,1.1085437285714286,2022-03-03 16:00:00+00:00,1.1055223714285713,7838,23.681397285714954,23.681397285714954,take_profit,1.0
train,GBP_USD,short,2022-03-04 08:45:00+00:00,1.3310820285714284,2022-03-04 12:30:00+00:00,1.3269521714285712,5749,23.742548714285956,23.742548714285956,take_profit,1.0
train,GBP_USD,short,2022-03-07 08:45:00+00:00,1.3170854714285714,2022-03-07 16:30:00+00:00,1.3117628285714285,4471,23.79753621428591,23.79753621428591,take_profit,1.0
train,GBP_USD,short,2022-03-08 07:15:00+00:00,1.3085535142857143,2022-03-08 08:15:00+00:00,1.3130359428571428,5323,-23.8599672857136,23.8599672857136,stop_loss,-1.0
train,GBP_USD,long,2022-03-09 08:30:00+00:00,1.3135405857142857,2022-03-09 10:30:00+00:00,1.3172235142857145,6462,23.799084428573053,23.799084428573053,take_profit,1.0
train,EUR_USD,long,2022-03-09 08:30:00+00:00,1.0951310142857142,2022-03-09 13:45:00+00:00,1.100576085714286,4371,23.800407214286665,23.800407214286665,take_profit,1.0
train,GBP_USD,long,2022-03-10 07:45:00+00:00,1.319322242857143,2022-03-10 10:15:00+00:00,1.3143910285714286,4850,-23.916389285714367,23.916389285714367,stop_loss,-1.0
train,EUR_USD,short,2022-03-11 08:15:00+00:00,1.0972913857142856,2022-03-11 11:15:00+00:00,1.1019244571428572,5150,-23.860317857143798,23.860317857143798,stop_loss,-1.0
train,EUR_USD,long,2022-03-14 08:15:00+00:00,1.0942067142857144,2022-03-14 09:45:00+00:00,1.0983502857142857,5744,23.800674285713878,23.800674285713878,take_profit,1.0
train,EUR_USD,long,2022-03-15 07:30:00+00:00,1.1001283714285714,2022-03-15 16:45:00+00:00,1.0937565142857144,3744,-23.85623314285676,23.85623314285676,stop_loss,-1.0
train,EUR_USD,long,2022-03-16 08:30:00+00:00,1.0991877714285714,2022-03-16 14:15:00+00:00,1.1028566285714285,6487,23.79987628571427,23.79987628571427,take_profit,1.0
train,GBP_USD,long,2022-03-17 07:15:00+00:00,1.3179738857142858,2022-03-17 12:00:00+00:00,1.313514457142857,5350,-23.857942857143975,23.857942857143975,stop_loss,-1.0
train,GBP_USD,short,2022-03-18 07:30:00+00:00,1.314467,2022-03-18 16:30:00+00:00,1.3183420000000001,6142,-23.800250000000446,23.800250000000446,stop_loss,-1.0
train,EUR_USD,long,2022-03-21 08:15:00+00:00,1.1059950428571428,2022-03-21 11:00:00+00:00,1.1034798285714285,9439,-23.74110764285755,23.74110764285755,stop_loss,-1.0
train,EUR_USD,short,2022-03-22 07:15:00+00:00,1.096224742857143,2022-03-22 12:15:00+00:00,1.1017310285714288,4301,-23.682534857143214,23.682534857143214,stop_loss,-1.0
train,GBP_USD,short,2022-03-23 07:15:00+00:00,1.3259853142857143,2022-03-23 09:00:00+00:00,1.3221518857142858,6162,23.621586857142685,23.621586857142685,take_profit,1.0
train,GBP_USD,short,2022-03-24 08:15:00+00:00,1.3179925857142856,2022-03-24 11:30:00+00:00,1.3213396571428568,7075,-23.680530357141727,23.680530357141727,stop_loss,-1.0
train,GBP_USD,short,2022-03-25 08:15:00+00:00,1.3175336,2022-03-28 11:30:00+00:00,1.3125916,4780,23.62276000000001,23.62276000000001,take_profit,1.0
train,EUR_USD,long,2022-03-29 06:45:00+00:00,1.1003732,2022-03-29 09:45:00+00:00,1.1038191999999998,6872,23.680911999998887,23.680911999998887,take_profit,1.0
train,GBP_USD,long,2022-03-30 07:15:00+00:00,1.3127278,2022-03-30 12:00:00+00:00,1.3165368,6232,23.737687999999697,23.737687999999697,take_profit,1.0
train,EUR_USD,long,2022-03-30 07:15:00+00:00,1.1129847,2022-03-31 00:45:00+00:00,1.1171582,5688,23.738868000000295,23.738868000000295,take_profit,1.0
train,GBP_USD,long,2022-03-31 07:15:00+00:00,1.3148535285714287,2022-03-31 08:45:00+00:00,1.3110358857142859,6248,-23.852632571428284,23.852632571428284,stop_loss,-1.0
train,EUR_USD,short,2022-04-01 06:15:00+00:00,1.1056180142857142,2022-04-01 06:45:00+00:00,1.107417942857143,13219,-23.793255785716564,23.793255785716564,stop_loss,-1.0
train,EUR_USD,short,2022-04-04 06:15:00+00:00,1.1038520714285716,2022-04-04 08:00:00+00:00,1.1023024285714287,15316,23.734330000000263,23.734330000000263,take_profit,1.0
train,GBP_USD,long,2022-04-05 07:00:00+00:00,1.3136830714285712,2022-04-05 15:30:00+00:00,1.310657714285714,7865,-23.79443392857126,23.79443392857126,stop_loss,-1.0
train,GBP_USD,short,2022-04-06 06:15:00+00:00,1.3046966142857144,2022-04-06 08:00:00+00:00,1.307883542857143,7447,-23.733057071428405,23.733057071428405,stop_loss,-1.0
train,EUR_USD,short,2022-04-06 06:15:00+00:00,1.0876298285714285,2022-04-06 08:15:00+00:00,1.0907806857142857,7532,-23.732255999999843,23.732255999999843,stop_loss,-1.0
train,EUR_USD,long,2022-04-07 06:30:00+00:00,1.0928208714285714,2022-04-07 07:15:00+00:00,1.0895565142857142,7234,-23.61435957142914,23.61435957142914,stop_loss,-1.0
train,GBP_USD,long,2022-04-07 06:15:00+00:00,1.3090199142857144,2022-04-07 09:00:00+00:00,1.3066503428571428,9966,-23.615148857144938,23.615148857144938,stop_loss,-1.0
test,EUR_USD,short,2023-05-16 06:15:00+00:00,1.0866524714285715,2023-05-16 07:00:00+00:00,1.0884101142857143,14223,-24.998954357142903,24.998954357142903,stop_loss,-1.0
test,GBP_USD,short,2023-05-16 06:15:00+00:00,1.2475659428571428,2023-05-16 08:30:00+00:00,1.2532062285714285,4432,-24.997746285714015,24.997746285714015,stop_loss,-1.0
test,GBP_USD,short,2023-05-17 06:15:00+00:00,1.2454089285714285,2023-05-17 16:30:00+00:00,1.2493542857142856,6304,-24.871531428571494,24.871531428571494,stop_loss,-1.0
test,EUR_USD,short,2023-05-18 06:15:00+00:00,1.0825821142857142,2023-05-18 12:30:00+00:00,1.0803726857142857,11230,24.811882857141757,24.811882857141757,take_profit,1.0
test,EUR_USD,long,2023-05-19 06:15:00+00:00,1.0781893,2023-05-19 09:30:00+00:00,1.0803558,11481,24.873586499999544,24.873586499999544,take_profit,1.0
test,GBP_USD,short,2023-05-22 06:15:00+00:00,1.2433874285714286,2023-05-23 08:00:00+00:00,1.2395645714285715,6523,24.936497142857046,24.936497142857046,take_profit,1.0
test,GBP_USD,long,2023-05-24 06:15:00+00:00,1.2448238714285713,2023-05-24 07:15:00+00:00,1.241514514285714,7553,-24.995574500001144,24.995574500001144,stop_loss,-1.0
test,EUR_USD,long,2023-05-24 06:30:00+00:00,1.0787679857142856,2023-05-24 10:00:00+00:00,1.076808057142857,12754,-24.996928999998577,24.996928999998577,stop_loss,-1.0
test,EUR_USD,short,2023-05-25 06:15:00+00:00,1.0729425428571429,2023-05-26 11:30:00+00:00,1.0756598285714285,9153,-24.871316142856504,24.871316142856504,stop_loss,-1.0
test,GBP_USD,long,2023-05-29 06:15:00+00:00,1.2362482857142858,2023-05-29 07:30:00+00:00,1.2342068571428573,12154,-24.81152285714232,24.81152285714232,stop_loss,-1.0
test,EUR_USD,long,2023-05-29 06:15:00+00:00,1.0739659,2023-05-29 08:00:00+00:00,1.0717364,11128,-24.809875999998713,24.809875999998713,stop_loss,-1.0
test,EUR_USD,short,2023-05-30 07:30:00+00:00,1.067704757142857,2023-05-30 10:00:00+00:00,1.0726609714285713,4981,-24.68690335714265,24.68690335714265,stop_loss,-1.0
test,GBP_USD,short,2023-05-31 06:30:00+00:00,1.237785557142857,2023-05-31 17:30:00+00:00,1.2425677714285714,5149,-24.62362135714318,24.62362135714318,stop_loss,-1.0
test,EUR_USD,short,2023-06-01 07:30:00+00:00,1.067167,2023-06-01 09:45:00+00:00,1.0697219999999998,9614,-24.563769999998684,24.563769999998684,stop_loss,-1.0
test,GBP_USD,short,2023-06-01 07:30:00+00:00,1.2415532,2023-06-01 09:45:00+00:00,1.2449772,7174,-24.56377599999908,24.56377599999908,stop_loss,-1.0
test,EUR_USD,long,2023-06-02 06:15:00+00:00,1.077488,2023-06-02 11:45:00+00:00,1.075818,14635,-24.440450000000883,24.440450000000883,stop_loss,-1.0
test,GBP_USD,short,2023-06-05 06:15:00+00:00,1.2417878,2023-06-05 07:15:00+00:00,1.2396068,11178,24.37921799999987,24.37921799999987,take_profit,1.0
test,EUR_USD,short,2023-06-06 08:15:00+00:00,1.0704044714285714,2023-06-06 12:15:00+00:00,1.0676568285714285,8895,24.440283214286154,24.440283214286154,take_profit,1.0
test,GBP_USD,short,2023-06-07 06:30:00+00:00,1.2410409,2023-06-07 08:45:00+00:00,1.2437664,8990,-24.502244999999427,24.502244999999427,stop_loss,-1.0
test,EUR_USD,short,2023-06-07 06:30:00+00:00,1.0677322571428571,2023-06-07 10:00:00+00:00,1.0703909714285715,9216,-24.50271085714394,24.50271085714394,stop_loss,-1.0
test,EUR_USD,long,2023-06-08 08:30:00+00:00,1.0719723285714287,2023-06-08 12:30:00+00:00,1.0742139714285717,10876,24.38010771428739,24.38010771428739,take_profit,1.0
test,GBP_USD,long,2023-06-08 08:15:00+00:00,1.2465609142857144,2023-06-08 12:30:00+00:00,1.2494654857142857,8393,24.378067999999487,24.378067999999487,take_profit,1.0
test,GBP_USD,long,2023-06-09 06:45:00+00:00,1.256570314285714,2023-06-09 07:15:00+00:00,1.2545387428571426,12060,-24.500751428571878,24.500751428571878,stop_loss,-1.0
test,EUR_USD,long,2023-06-12 06:30:00+00:00,1.0753867714285714,2023-06-12 08:00:00+00:00,1.0774106285714284,12076,24.440098857141393,24.440098857141393,take_profit,1.0
test,GBP_USD,long,2023-06-13 06:15:00+00:00,1.2558339285714286,2023-06-13 12:30:00+00:00,1.2604835714285716,5269,24.498968214286347,24.498968214286347,take_profit,1.0
test,GBP_USD,long,2023-06-14 08:00:00+00:00,1.2620350857142857,2023-06-14 09:15:00+00:00,1.2639505142857141,12823,24.561540571427102,24.561540571427102,take_profit,1.0
test,EUR_USD,long,2023-06-16 06:30:00+00:00,1.0956891857142856,2023-06-16 07:15:00+00:00,1.0935632571428573,11583,-24.62463064285456,24.62463064285456,stop_loss,-1.0
test,GBP_USD,long,2023-06-16 06:15:00+00:00,1.2795014,2023-06-16 11:45:00+00:00,1.2821184,9409,24.62335300000086,24.62335300000086,take_profit,1.0
test,EUR_USD,short,2023-06-19 06:30:00+00:00,1.0928223428571429,2023-06-19 10:00:00+00:00,1.091014057142857,13617,24.62342657142998,24.62342657142998,take_profit,1.0
test,EUR_USD,long,2023-06-20 06:30:00+00:00,1.093289442857143,2023-06-20 13:00:00+00:00,1.0910722285714287,11133,-24.68424664285616,24.68424664285616,stop_loss,-1.0
test,GBP_USD,long,2023-06-21 06:15:00+00:00,1.2775654714285714,2023-06-21 07:45:00+00:00,1.2754481142857141,11629,-24.622746214286522,24.622746214286522,stop_loss,-1.0
test,EUR_USD,short,2023-06-22 06:30:00+00:00,1.0983633285714287,2023-06-22 07:30:00+00:00,1.0994666857142859,22262,-24.562936714285698,24.562936714285698,stop_loss,-1.0
test,EUR_USD,short,2023-06-23 06:30:00+00:00,1.092530842857143,2023-06-23 07:15:00+00:00,1.0892450571428574,7456,24.498818285713554,24.498818285713554,take_profit,1.0
test,GBP_USD,short,2023-06-26 06:45:00+00:00,1.2716191428571428,2023-06-26 07:15:00+00:00,1.2739134285714286,10706,-24.56262285714382,24.56262285714382,stop_loss,-1.0
test,EUR_USD,short,2023-06-26 07:45:00+00:00,1.0897592285714284,2023-06-26 11:30:00+00:00,1.0909730857142856,20184,-24.500492571431067,24.500492571431067,stop_loss,-1.0
test,GBP_USD,long,2023-06-27 06:30:00+00:00,1.2743818571428571,2023-06-28 08:30:00+00:00,1.2703625714285713,6080,-24.437257142857547,24.437257142857547,stop_loss,-1.0
test,GBP_USD,long,2023-06-29 08:15:00+00:00,1.2651181285714284,2023-06-29 12:30:00+00:00,1.2615074857142856,6751,-24.375449928570657,24.375449928570657,stop_loss,-1.0
test,GBP_USD,short,2023-06-30 06:30:00+00:00,1.2604463714285714,2023-06-30 07:15:00+00:00,1.2635445142857145,7848,-24.31422514285865,24.31422514285865,stop_loss,-1.0
test,EUR_USD,short,2023-06-30 06:30:00+00:00,1.0857906428571429,2023-06-30 08:30:00+00:00,1.0840838571428573,14247,24.316576071427214,24.316576071427214,take_profit,1.0
test,EUR_USD,short,2023-07-03 06:15:00+00:00,1.0893612714285714,2023-07-03 13:45:00+00:00,1.0917949142857144,9992,-24.31695942857267,24.31695942857267,stop_loss,-1.0
test,GBP_USD,short,2023-07-03 06:15:00+00:00,1.2678783285714286,2023-07-03 14:00:00+00:00,1.2706766857142857,8689,-24.314925214285726,24.314925214285726,stop_loss,-1.0
test,GBP_USD,long,2023-07-04 06:30:00+00:00,1.270541057142857,2023-07-04 12:45:00+00:00,1.2726663428571428,11384,24.19425257142862,24.19425257142862,take_profit,1.0
test,EUR_USD,long,2023-07-05 07:15:00+00:00,1.0902424857142858,2023-07-05 08:00:00+00:00,1.0867700571428573,6985,-24.254913571427984,24.254913571427984,stop_loss,-1.0
test,EUR_USD,long,2023-07-06 06:15:00+00:00,1.0859706285714286,2023-07-06 10:15:00+00:00,1.0885237714285714,9476,24.193581714285262,24.193581714285262,take_profit,1.0
test,GBP_USD,long,2023-07-06 06:15:00+00:00,1.2714912428571428,2023-07-06 10:15:00+00:00,1.2739774571428573,9731,24.193351214287745,24.193351214287745,take_profit,1.0
test,EUR_USD,long,2023-07-07 06:15:00+00:00,1.089809042857143,2023-07-07 06:45:00+00:00,1.0882338285714288,15436,-24.315007714283865,24.315007714283865,stop_loss,-1.0
test,EUR_USD,long,2023-07-11 06:30:00+00:00,1.1024512285714287,2023-07-11 08:45:00+00:00,1.1001950857142857,10750,-24.25353571428768,24.25353571428768,stop_loss,-1.0
test,GBP_USD,long,2023-07-11 06:15:00+00:00,1.2899271714285714,2023-07-12 00:15:00+00:00,1.2939930285714285,5965,24.252837857142726,24.252837857142726,take_profit,1.0
test,GBP_USD,long,2023-07-13 07:15:00+00:00,1.3031121428571428,2023-07-13 09:30:00+00:00,1.307472857142857,5562,24.254292857142786,24.254292857142786,take_profit,1.0
test,EUR_USD,long,2023-07-13 07:15:00+00:00,1.1157327857142858,2023-07-13 12:15:00+00:00,1.1184667142857145,8871,24.2526803571443,24.2526803571443,take_profit,1.0
test,GBP_USD,short,2023-07-14 06:30:00+00:00,1.3108764000000002,2023-07-14 09:00:00+00:00,1.3142444000000002,7237,-24.374216000000274,24.374216000000274,stop_loss,-1.0
test,GBP_USD,short,2023-07-17 06:30:00+00:00,1.307998657142857,2023-07-17 07:45:00+00:00,1.3096353714285711,14855,-24.313390714282995,24.313390714282995,stop_loss,-1.0
test,EUR_USD,long,2023-07-18 07:15:00+00:00,1.127262442857143,2023-07-18 08:30:00+00:00,1.1234802285714285,6412,-24.251558000001104,24.251558000001104,stop_loss,-1.0
test,GBP_USD,short,2023-07-19 06:15:00+00:00,1.2945365857142856,2023-07-20 14:30:00+00:00,1.2849995142857142,2536,24.186013142857092,24.186013142857092,take_profit,1.0
test,EUR_USD,long,2023-07-21 06:30:00+00:00,1.1145473857142858,2023-07-21 07:30:00+00:00,1.1130504571428572,16201,-24.251739785714417,24.251739785714417,stop_loss,-1.0
test,GBP_USD,long,2023-07-21 06:15:00+00:00,1.2904631571428573,2023-07-21 07:45:00+00:00,1.2866773714285715,6406,-24.251743285714728,24.251743285714728,stop_loss,-1.0
test,EUR_USD,long,2023-07-24 07:00:00+00:00,1.1136703714285716,2023-07-24 07:30:00+00:00,1.1116985142857145,12238,-24.131587714284954,24.131587714284954,stop_loss,-1.0
test,EUR_USD,long,2023-07-25 06:30:00+00:00,1.1084584142857141,2023-07-25 08:00:00+00:00,1.1060363428571427,9938,-24.070545857142832,24.070545857142832,stop_loss,-1.0
test,GBP_USD,long,2023-07-25 06:30:00+00:00,1.2848519999999999,2023-07-25 18:30:00+00:00,1.2887119999999996,6236,24.070959999998458,24.070959999998458,take_profit,1.0
test,EUR_USD,long,2023-07-26 06:15:00+00:00,1.1064776285714286,2023-07-26 18:30:00+00:00,1.1091257714285714,9089,24.068970428570598,24.068970428570598,take_profit,1.0
test,EUR_USD,long,2023-07-27 07:45:00+00:00,1.1130358714285713,2023-07-27 12:30:00+00:00,1.1077465142857141,4562,-24.130047285714387,24.130047285714387,stop_loss,-1.0
test,GBP_USD,long,2023-07-27 07:45:00+00:00,1.2980514714285714,2023-07-27 12:30:00+00:00,1.2924641142857143,4318,-24.126208142856846,24.126208142856846,stop_loss,-1.0
test,GBP_USD,long,2023-07-28 08:45:00+00:00,1.2815112857142856,2023-07-28 11:00:00+00:00,1.2867277142857143,4602,24.006004285714774,24.006004285714774,take_profit,1.0
test,GBP_USD,long,2023-07-31 07:30:00+00:00,1.2866652285714286,2023-07-31 08:15:00+00:00,1.2844690857142855,10960,-24.069725714288275,24.069725714288275,stop_loss,-1.0
test,EUR_USD,long,2023-07-31 09:00:00+00:00,1.1035670285714285,2023-07-31 16:30:00+00:00,1.1006118857142857,8125,-24.010535714285435,24.010535714285435,stop_loss,-1.0
test,EUR_USD,short,2023-08-01 07:15:00+00:00,1.097196342857143,2023-08-01 21:45:00+00:00,1.1001446285714287,8123,-23.948924857143037,23.948924857143037,stop_loss,-1.0
test,GBP_USD,short,2023-08-02 06:30:00+00:00,1.2760565285714287,2023-08-02 08:00:00+00:00,1.2799638857142859,6114,-23.889581571428742,23.889581571428742,stop_loss,-1.0
test,GBP_USD,short,2023-08-03 07:00:00+00:00,1.2689031571428573,2023-08-03 10:00:00+00:00,1.264978942857143,6073,23.831753357143082,23.831753357143082,take_profit,1.0
test,GBP_USD,short,2023-08-04 07:30:00+00:00,1.2705157571428571,2023-08-04 12:30:00+00:00,1.2740869714285714,6689,-23.887852357142783,23.887852357142783,stop_loss,-1.0
test,GBP_USD,short,2023-08-07 06:30:00+00:00,1.2715687428571427,2023-08-07 12:30:00+00:00,1.2760850285714285,5276,-23.82792342857162,23.82792342857162,stop_loss,-1.0
test,EUR_USD,short,2023-08-07 06:30:00+00:00,1.0974510571428573,2023-08-07 13:30:00+00:00,1.1011557714285716,6432,-23.82872228571427,23.82872228571427,stop_loss,-1.0
test,EUR_USD,long,2023-08-08 06:45:00+00:00,1.100930957142857,2023-08-08 07:30:00+00:00,1.0977161714285715,7376,-23.712259428569567,23.712259428569567,stop_loss,-1.0
test,GBP_USD,short,2023-08-08 08:15:00+00:00,1.2744020142857144,2023-08-08 11:45:00+00:00,1.2702220857142859,5658,23.650035857142854,23.650035857142854,take_profit,1.0
test,GBP_USD,long,2023-08-09 06:30:00+00:00,1.2769707000000001,2023-08-09 09:30:00+00:00,1.2738972000000002,7715,-23.712052499999626,23.712052499999626,stop_loss,-1.0
test,GBP_USD,long,2023-08-10 06:15:00+00:00,1.2730589285714287,2023-08-10 07:15:00+00:00,1.2753035714285714,10537,23.65180178571331,23.65180178571331,take_profit,1.0
test,EUR_USD,long,2023-08-10 06:15:00+00:00,1.0993580714285716,2023-08-10 08:15:00+00:00,1.1019084285714287,9274,23.652012142856915,23.652012142856915,take_profit,1.0
test,GBP_USD,long,2023-08-11 06:15:00+00:00,1.2714824285714286,2023-08-14 02:15:00+00:00,1.2667002857142857,4970,-23.767249999999944,23.767249999999944,stop_loss,-1.0
test,EUR_USD,long,2023-08-14 08:00:00+00:00,1.0952835714285714,2023-08-14 12:00:00+00:00,1.092925714285714,10056,-23.71061142857301,23.71061142857301,stop_loss,-1.0
test,EUR_USD,long,2023-08-15 06:30:00+00:00,1.0920896999999998,2023-08-15 09:45:00+00:00,1.0941081999999998,11717,23.6507644999991,23.6507644999991,take_profit,1.0
test,GBP_USD,long,2023-08-15 06:15:00+00:00,1.2705560285714286,2023-08-15 13:00:00+00:00,1.2735561714285715,7883,23.650126142857445,23.650126142857445,take_profit,1.0
test,GBP_USD,long,2023-08-16 06:15:00+00:00,1.2715339857142858,2023-08-16 07:45:00+00:00,1.2743239142857141,8519,23.76740149999808,23.76740149999808,take_profit,1.0
test,EUR_USD,long,2023-08-16 06:30:00+00:00,1.0927694,2023-08-16 13:00:00+00:00,1.0898924,8262,-23.769773999998318,23.769773999998318,stop_loss,-1.0
test,GBP_USD,long,2023-08-17 06:45:00+00:00,1.2741708857142857,2023-08-17 08:45:00+00:00,1.2711764571428572,7938,-23.769773999999504,23.769773999999504,stop_loss,-1.0
test,EUR_USD,long,2023-08-17 06:45:00+00:00,1.0887484857142857,2023-08-17 12:30:00+00:00,1.0912809142857143,9386,23.769374571428337,23.769374571428337,take_profit,1.0
test,GBP_USD,short,2023-08-18 06:30:00+00:00,1.2725448428571429,2023-08-21 11:30:00+00:00,1.2765406285714285,5948,-23.766933428570777,23.766933428570777,stop_loss,-1.0
test,EUR_USD,long,2023-08-22 06:30:00+00:00,1.0920792285714287,2023-08-22 10:15:00+00:00,1.0894130857142859,8892,-23.707342285714127,23.707342285714127,stop_loss,-1.0
test,GBP_USD,long,2023-08-22 06:15:00+00:00,1.2786811428571427,2023-08-22 11:00:00+00:00,1.2756454285714285,7810,-23.708928571428313,23.708928571428313,stop_loss,-1.0
test,EUR_USD,long,2023-08-23 07:30:00+00:00,1.0859798857142857,2023-08-23 07:30:00+00:00,1.0836504571428571,10127,-23.590123142857365,23.590123142857365,stop_loss,-1.0
test,GBP_USD,long,2023-08-23 07:30:00+00:00,1.2758010285714285,2023-08-23 07:30:00+00:00,1.2727658857142856,7772,-23.589130285714642,23.589130285714642,stop_loss,-1.0
test,EUR_USD,short,2023-08-24 06:45:00+00:00,1.0856805857142857,2023-08-24 12:15:00+00:00,1.0836935142857143,11813,23.473274785714693,23.473274785714693,take_profit,1.0
test,EUR_USD,short,2023-08-25 08:00:00+00:00,1.0770361428571429,2023-08-25 11:00:00+00:00,1.0806954285714285,6430,-23.529207142856684,23.529207142856684,stop_loss,-1.0
test,EUR_USD,long,2023-08-28 06:15:00+00:00,1.0816261285714286,2023-08-29 12:15:00+00:00,1.0794154857142857,10618,-23.472605857143282,23.472605857143282,stop_loss,-1.0
test,EUR_USD,short,2023-08-31 06:15:00+00:00,1.0914645714285713,2023-08-31 08:00:00+00:00,1.0889974285714286,9489,23.41071857142783,23.41071857142783,take_profit,1.0
test,EUR_USD,short,2023-09-01 06:30:00+00:00,1.0829317,2023-09-01 07:00:00+00:00,1.0853932000000002,9534,-23.467941000001108,23.467941000001108,stop_loss,-1.0
test,GBP_USD,short,2023-09-01 06:30:00+00:00,1.2641691000000002,2023-09-01 07:30:00+00:00,1.2683536000000002,5608,-23.4666760000002,23.4666760000002,stop_loss,-1.0
test,EUR_USD,long,2023-09-04 06:45:00+00:00,1.0791972285714286,2023-09-05 06:15:00+00:00,1.0771810857142856,11582,-23.35096657143048,23.35096657143048,stop_loss,-1.0
test,GBP_USD,long,2023-09-04 06:30:00+00:00,1.2615586857142858,2023-09-05 06:15:00+00:00,1.258705257142857,8184,-23.35245942857317,23.35245942857317,stop_loss,-1.0
test,GBP_USD,long,2023-09-07 06:15:00+00:00,1.2508507142857141,2023-09-07 06:45:00+00:00,1.2491571428571426,13717,-23.23071928571549,23.23071928571549,stop_loss,-1.0
test,EUR_USD,short,2023-09-07 07:15:00+00:00,1.0713496714285715,2023-09-07 12:30:00+00:00,1.0695380285714287,12791,23.172723785714307,23.172723785714307,take_profit,1.0
test,GBP_USD,long,2023-09-08 06:15:00+00:00,1.2508588857142857,2023-09-08 10:30:00+00:00,1.2469144571428572,5889,-23.22873985714253,23.22873985714253,stop_loss,-1.0
test,EUR_USD,short,2023-09-12 06:45:00+00:00,1.0733533857142858,2023-09-14 12:15:00+00:00,1.0698203142857143,6558,23.169882428571967,23.169882428571967,take_profit,1.0
test,EUR_USD,long,2023-09-15 06:15:00+00:00,1.0657983285714285,2023-09-15 14:00:00+00:00,1.0682299714285712,9554,23.231915857141374,23.231915857141374,take_profit,1.0
test,EUR_USD,long,2023-09-18 06:15:00+00:00,1.0676662000000001,2023-09-18 06:45:00+00:00,1.0661652000000004,15516,-23.289515999996162,23.289515999996162,stop_loss,-1.0
test,GBP_USD,short,2023-09-18 07:45:00+00:00,1.2383079142857143,2023-09-18 09:45:00+00:00,1.2403283428571428,11498,-23.23088771428465,23.23088771428465,stop_loss,-1.0
test,EUR_USD,long,2023-09-20 06:30:00+00:00,1.069137157142857,2023-09-20 07:00:00+00:00,1.0678813714285713,18453,-23.173013785712914,23.173013785712914,stop_loss,-1.0
test,GBP_USD,short,2023-09-20 06:15:00+00:00,1.2358748714285714,2023-09-20 13:30:00+00:00,1.2394905142857144,6409,-23.17265507142947,23.17265507142947,stop_loss,-1.0
test,GBP_USD,short,2023-09-21 07:45:00+00:00,1.2296341285714285,2023-09-21 11:00:00+00:00,1.2256347714285714,5765,23.05629392857148,23.05629392857148,take_profit,1.0
test,EUR_USD,long,2023-09-22 07:15:00+00:00,1.0658306,2023-09-22 07:15:00+00:00,1.0633675999999999,9385,-23.115255000000975,23.115255000000975,stop_loss,-1.0
test,GBP_USD,short,2023-09-22 07:30:00+00:00,1.2261321857142857,2023-09-25 08:15:00+00:00,1.2226231142857142,6571,23.058108357143237,23.058108357143237,take_profit,1.0
test,GBP_USD,short,2023-09-25 08:30:00+00:00,1.2223556,2023-09-25 14:15:00+00:00,1.2197736000000001,8952,23.114063999998766,23.114063999998766,take_profit,1.0
test,GBP_USD,short,2023-09-26 06:15:00+00:00,1.2186801714285715,2023-09-26 18:15:00+00:00,1.2158610285714286,8219,23.170535142857567,23.170535142857567,take_profit,1.0
test,GBP_USD,long,2023-09-27 08:30:00+00:00,1.2160456857142856,2023-09-27 11:15:00+00:00,1.213607257142857,9526,-23.22847057142797,23.22847057142797,stop_loss,-1.0
test,EUR_USD,short,2023-09-28 06:45:00+00:00,1.0493190714285716,2023-09-28 07:15:00+00:00,1.0516037142857144,10142,-23.170847857142324,23.170847857142324,stop_loss,-1.0
test,GBP_USD,short,2023-09-28 06:45:00+00:00,1.2126285142857143,2023-09-28 07:15:00+00:00,1.2146459428571428,11486,-23.172184571427792,23.172184571427792,stop_loss,-1.0
test,GBP_USD,long,2023-09-29 06:15:00+00:00,1.2237904000000002,2023-09-29 14:00:00+00:00,1.2197084000000002,5648,-23.055135999999543,23.055135999999543,stop_loss,-1.0
test,EUR_USD,long,2023-09-29 06:15:00+00:00,1.058898285714286,2023-10-01 22:30:00+00:00,1.0558668571428573,7605,-23.054014285714302,23.054014285714302,stop_loss,-1.0
